:020000040800F2
:10000000080F0020450100081F3E0008BD2600081B
:100010001D3E0008490B0008ED47000800000000E5
:100020000000000000000000000000000D42000879
:100030004B0B0008000000000B420008E9420008DA
:100040005F0100085F0100085F0100085F01000810
:100050005F0100085F0100085F0100085F01000800
:100060005F0100085F0100085F0100085F010008F0
:100070005F0100085F0100085F0100085F010008E0
:100080005F0100085F0100085F0100085F010008D0
:100090005F0100085F0100085F0100085F010008C0
:1000A0005F0100085F0100085F0100085F010008B0
:1000B0005F0100085F0100085F0100085F010008A0
:1000C0005F0100085F0100085F0100085F01000890
:1000D0005F010008B14700085F0100085F010008E8
:1000E0005F0100085F0100085F0100085F01000870
:1000F0005F0100085F0100085F0100085F01000860
:100100005F0100085F0100085F0100085F0100084F
:100110005F0100085F010008914300085F010008CB
:100120005F0100085F0100085F0100085F0100082F
:10013000DFF80CD000F084FC004800476D68000830
:10014000080F00200648804706480047FEE7FEE704
:10015000FEE7FEE7FEE7FEE7FEE7FEE7FEE7FEE777
:100160008F430008310100082DE9F0410024061BEF
:10017000254671F1000605DA01240027D0EB0700BF
:1001800067EB0101161E73F1000605DA0027D2EBBA
:100190000702012567EB030300F09EFA86460E4630
:1001A00017469C46AC4204D00025D0EB050E65EB0B
:1001B000010624B10020D2EB000760EB030C70466F
:1001C00031463A466346BDE8F081202A04DB203AF6
:1001D00021FA02F00021704721FA02F3D040C2F167
:1001E0002002914008431946704740EA01039B07EB
:1001F00003D009E008C9121F08C0042AFAD203E09C
:1002000011F8013B00F8013B521EF9D27047D2B2FF
:1002100001E000F8012B491EFBD270470022F6E7EF
:1002200010B513460A4604461946FFF7F0FF20466C
:1002300010BD30B504460020034600E05B1C93422D
:1002400003D2E05CCD5C401BF8D030BDF0B480EA56
:100250000102D40F4200B2EB410F02D2024608461F
:1002600011464A0042D0C30DDDB2C1F3C752AD1AE8
:10027000202D35DAC1F3160141F4000204B15242D7
:10028000C5F1200602FA06F12A411044B3EBD05F13
:1002900023D0C4B1012DA0EBC35009DCF0BC4FF05A
:1002A000004202EAC352DBB200F5000000F04EBA91
:1002B000400000F1807000EBC350A0F1807040EA74
:1002C000D170490009E0490841EAC071A0EBC35070
:1002D00000F50000400800EBC350F0BC00F02DBA60
:1002E0006142012202EB4101001BF6E7F0BC7047BE
:1002F00081F00041AAE780F00040A7E780EA010210
:1003000010B502F00043400022D04A001FD0010E79
:1003100001EB1261C0F35600C2F3560240F4000034
:1003200042F40002A0FB022000047F39140400D034
:10033000401C50EA124001D44000491EC2B20C06D3
:1003400004EBD010401C4008802A02D003E00020BB
:1003500010BD20F00100002900DA0020184310BD74
:1003600030B480EA010202F0004530F0004221F092
:10037000004013D090B1C30DD40DC2F31601C0F3E9
:100380001600E41A41F4000140F400027D34914269
:1003900001D3641C00E04900002C02DA30BC0020CC
:1003A00070474FF400000023914201D3891A0343A0
:1003B00040084FEA4101F7D151B1914202D14FF0CB
:1003C000004105E002D24FF0010101E06FF00101B0
:1003D00003EBC450284430BC00F0AFB9420005D054
:1003E000C0F3C7525242914201DC0020704700EB3B
:1003F000C15070472DE9FE4F81EA030404F0004428
:1004000021F0004100944FF0000B23F0004350EA2C
:1004100001045ED052EA03045BD0C3F30A54C1F373
:100420000A552C44A4F2F3340194A0FB0254C1F306
:10043000130141F48011C3F3130343F4801301FB50
:10044000024400FB034E840A970A44EA815447EAB7
:100450008357A4FB076802958D0A05FB07854FEAC1
:10046000932C04FB0C542705029D4FEA065847EADB
:100470001637B5EB08056EEB070C870E920E47EAB0
:10048000811742EA8312A7FB0201B6EB0B0164EB72
:1004900000042B0D43EA0C335E1844EB1C50DA4683
:1004A0005146E7FB0201C5F313044FEA0B3343EA5D
:1004B00014534FEA0432019C43EA0603A4F10C04EE
:1004C0000294009CCDE900B400F07DF903B0BDE8D2
:1004D000F08F00200146F9E72DE9F04D81EA030491
:1004E00004F0004B21F0004514464FF0000A23F0C1
:1004F000004150EA050220D054EA01021DD0C5F3A4
:100500000A570246C5F31303C1F31300C1F30A5699
:1005100040F4801543F48013A7EB0608101BD64661
:1005200008F2FD3873EB050002D308F1010801E081
:1005300092185B41B8F1000F03DA00200146BDE8D4
:10054000F08D00204FF48011064684460EE0171B04
:1005500073EB050705D3121B63EB050306434CEA57
:10056000010C49084FEA300092185B4150EA01073C
:10057000EDD152EA030012D082EA040083EA0501B9
:10058000084305D0101BAB4106D20122002306E030
:1005900000224FF0004302E06FF0010253101AEB0B
:1005A00006004CEB085110EB0A0041EB0B01BDE8D3
:1005B000F04D00F0F9B8C10F80EAE0700844CA07B6
:1005C0009623002100F0C2B896230022114600F0C5
:1005D000BDB80EB5C10F80EAE0700844CA0700211B
:1005E00040F233438DE80E000A460B4600F0EBF86C
:1005F00003B000BD00F0004220F00040C10DC0F388
:10060000160040F400007F2901DA00207047962987
:1006100003DCC1F19601C84001E096398840002A08
:10062000F4D04042704720F00040C10DC0F31600E6
:1006300040F400007F2901DA00207047962903DC8E
:10064000C1F19601C840704796398840704700F064
:10065000004230F000400AD0C10D01F56071C0F3D6
:10066000160042EA0151C2084007114370470020BA
:100670000146704701F0004330B421F0004150EAD8
:10068000010206D00A0DA2F56072C1F31301002A1F
:1006900002DC30BC00207047440F44EAC104C100B2
:1006A000E01830BC00EBC25000F047B830B50B4644
:1006B000014600202022012409E021FA02F59D4292
:1006C00005D303FA02F5491B04FA02F52844151E66
:1006D000A2F10102F1DC30BD2DE9F05F05460020FA
:1006E00092469B4688460646814640241BE02846A3
:1006F000414647462246FFF768FD53465A46C01A10
:10070000914110D311461846224600F0ABF92D1A3C
:1007100067EB01084F4622460120002100F0A2F9B4
:1007200017EB00094E41201EA4F10104DFDC48460E
:1007300031462A464346BDE8F09F0029A8BF7047CE
:10074000401C490008BF20F00100704710B4B0FA07
:1007500080FC00FA0CF050EA010404BF10BC7047A2
:1007600049B1CCF1200421FA04F411FA0CF118BFBC
:10077000012121430843A3EB0C01CB1D4FEA00618B
:100780004FEA102042BF002010BC704700EBC3505E
:1007900010440029A4BF10BC7047401C490008BF8A
:1007A00020F0010010BC704710B5141E73F1000456
:1007B00008DA401C41F1000192185B411A4301D153
:1007C00020F0010010BD2DE9F04D92469B4611B17D
:1007D000B1FA81F202E0B0FA80F22032904600F0E5
:1007E00041F904460F4640EA0A0041EA0B0153462C
:1007F0005A46084313D0114653EA010019D0C8F1F4
:1008000040025046FFF7E1FC05460E465046594669
:10081000424600F027F9084305D0012004E02046B5
:100820003946BDE8F08D0020054346EAE0762C43CA
:1008300037430A986305E40AA0EB08000022FD0A8A
:1008400044EA47540A3002D500200146E9E7010591
:1008500010196941DDE9084500196941BDE8F04D0D
:10086000A2E72DE9FE4F804681EA0300C00F0C4647
:10087000009021F0004123F00045B8EB0200A941AF
:1008800005D24046214690461C460B46024623F0C0
:100890000040104347D0270DC7F30A00C3F30A51A5
:1008A0000290401A019040286BDAC3F3130040F421
:1008B000801B0098924620B10023D2EB030A63EB21
:1008C0000B0B01985946C0F14002504600F0CAF89F
:1008D00006460D4650465946019A00F0D2F810EBF4
:1008E00008006141002487EA115284EAE7731A4341
:1008F00040D0009A62B3019A012A4FEA075215DCF0
:10090000001B61EB02014FF0004202EA0752CDE901
:100910000042001C41F5801132462B46FFF753FF81
:1009200003B0BDE8F08F40462146F9E7001B61EBBC
:100930000201001C41F5801300185B412018A2F54C
:10094000001747EB030140EAD570B6196D4111E07D
:100950006D084FEA360645EAC0754FEA0752001B9C
:1009600061EB0201001C41F5801149084FEA30009B
:100970000019514132462B4603B0BDE8F04FFFF756
:1009800013BF0098012240000023D0EB020263EB6A
:10099000E073009821464FEAE074B8EB000061EB89
:1009A0000401E9E783F000435BE781F0004158E789
:1009B00070B521F0004303430CD0C1F30A55002465
:1009C000D5EB040564EB0403D617AD1AB34102DB83
:1009D0000020014670BD201841EB025170BDC1F3EB
:1009E0000A52C1F3130140F2FF3341F480119A42DD
:1009F00002DA00200146704740F233439A42A2F2E5
:100A0000334202DC5242FFF7E0BB00F02BB800009B
:100A100030B5041E71F1000404DB4FF00044404285
:100A200064EB0101141E73F1000405DB1C464FF05A
:100A30000043524263EB0403994208BF904230BD29
:100A4000064C074D06E0E06840F0010394E807001B
:100A500098471034AC42F6D3FFF76EFBC8A90008E4
:100A6000E8A90008202A04DB203A00FA02F100205D
:100A700070479140C2F1200320FA03F319439040DC
:100A80007047202A06DBCB17203A41FA02F043EAEE
:100A9000E07306E041FA02F3D040C2F12002914037
:100AA0000843194670472DE9F04D00231A461B1ADA
:100AB0008A4103DB00200146BDE8F08DC1F30A52F4
:100AC000C1F3130141F480154FF0000BD10702D19F
:100AD00000186D41521E0027044640F2FF113846AF
:100AE00001EB620A3E468046024600204FF4801128
:100AF000FFF76BFBC2197141BB1846EB0100B4EB69
:100B0000030C75EB000C04D3E41A65EB00051746E3
:100B10000E46241908F101006D4180463428E3DDBA
:100B2000F91946EB0600091BA84103D24FF0FF322A
:100B3000134601E0002213461BEB070046EB0A5167
:100B4000BDE8F04DFFF730BEFEE7704772B6FEE736
:100B50000B4810B50268506A002301B209480180B1
:100B60005362094A1468626A524212B24280636256
:100B700043681944416081681144816010BD0000E0
:100B8000CC0100201C0000201402002010B590F8B9
:100B900021100022022905D00421816380F8202041
:100BA000012010BD01680B6823F00E030B60016883
:100BB0000B6823F001030B6090F84030C46B0121F7
:100BC00001FA03F3636080F8211080F820201046BA
:100BD00010BD00002DE9F05F90F8211000240229DB
:100BE00003D004218163012485E001680A6822F0B2
:100BF0000E020A6001680A6822F001020A603F4E94
:100C00003E4FB215DFF8F4C0DFF8F090DFF8ECA04B
:100C1000DFF8E8B0DFF8E4E00168783F130115027F
:100C2000ACF1640CA9F15009AAF13C0AABF1280B14
:100C3000AEF1140E4FF48018B14227D9B9420ED04C
:100C4000614512D049451DD0514518D0594518D09D
:100C5000714501D1424615E0294EB14201D1012230
:100C600010E0274E1436B14201D110220AE0244E82
:100C70002836B14206D0224A3C32914201D11A466E
:100C800000E02A461E49091F0A602BE0B94213D032
:100C9000614517D0494522D051451DD059451DD039
:100CA000714501D142461AE0B14202D14FF0807243
:100CB00015E0134EB14201D1012210E0104E14365E
:100CC000B14201D110220AE00D4E2836B14206D0C1
:100CD0000B4A3C32914201D11A4600E02A460749AC
:100CE00080394A60012180F82110002180F820100D
:100CF000416B01B188472046BDE8F09F800002406B
:100D00000804024070B5044600F01CF90546601C5A
:100D100002D004480078044400F014F9401BA042BB
:100D2000FAD370BDD40000202DE9F84FDFF8C89148
:100D30000024A9F1040B23460F2709F1040AABF1A3
:100D4000040ED1E00125A54006EA0502AA4276D1AB
:100D5000DFF8A8C14E68A6EB0C0866452BD00DDC69
:100D6000032E34D005DC36B3012E19D0022E2FD13C
:100D70001BE0112E16D0122E2AD119E0B8F5881FCB
:100D800019D006DCB8F5803F15D0B8F5801F1FD10B
:100D900011E0B8F5001F0ED0B8F5041F18D10AE015
:100DA000CB6815E0CB681B1D12E0CB6808330FE061
:100DB000CB680C330CE08B682BB1012B4FF0080390
:100DC00003D0456104E0042302E0056100E0002354
:100DD000FF2A01D8064601E000F104064FEA840527
:100DE00001D9A5F12005D6F8008007FA05FC28EA0C
:100DF0000C0803FA05F548EA0508C6F800804D68B6
:100E0000ED0070D53E4DAE6946F00106AE61AD69AC
:100E100024F0030605F0010500953A4D06EB050C9C
:100E2000DCF80850A607360F07FA06F825EA080589
:100E3000DFF8D480404503D14FF0000825E052E0B0
:100E4000DFF8C880404502D14FF001081DE0DFF80F
:100E5000C080404502D14FF0020816E0DFF8B480B0
:100E6000404502D14FF003080FE0DFF8AC80404569
:100E700002D14FF0040808E0DFF8A080404502D11D
:100E80004FF0050801E04FF0060808FA06F848EAB6
:100E90000508CCF808804D68D9F80060ED024D4691
:100EA00001D5164300E096432E604D68DAF80060E5
:100EB000AD02554601D5164300E096432E604D68BD
:100EC000DBF80060AD035D4601D5164300E09643B4
:100ED0002E604D68DEF80060ED03754601D51643BF
:100EE00000E096432E60641C0A681646E2407FF4D8
:100EF00029AFBDE8F88F0000080401400000111080
:100F0000001002400000014000080140000C0140B8
:100F1000001001400014014000180140001C014075
:100F20008068084000D001207047C26821EA0203AF
:100F30000A4043EA0241016170470AB1016170470A
:100F40000904FBE70148806870470000D4000020D6
:100F500070B5040025D094F83D00002520B984F830
:100F60003C50204600F07EFA242084F83D002068A2
:100F7000016821F0010101602068016841F400412D
:100F800001602068016821F40041016000F0E2FB8B
:100F90004D4A6168914201D84C4900E04C49884271
:100FA00001D2012070BD4B492368B0FBF1F15E68AE
:100FB00026F03F060E435E606368934206D94FF405
:100FC000967359434FF47A73B1FBF3F12368491CCC
:100FD0001E6A26F03F06314319626168914210D8BB
:100FE0004900401EB0FBF1F2521CC2F30B02042A6E
:100FF00001D2042022E0B0FBF1F0401CC0F30B0052
:101000001CE0A268F2B301EBC10303EB0116431E1F
:10101000B3FBF6F35B1C43F480431B0549D092B34A
:1010200001EBC10202EB0111401EB0FBF1F0401CCC
:10103000C0F30B0040F4804040F400402168CA69CE
:101040004CF6FF739A431043C861D4E9071001437B
:101050002068026822F0C00211430160D4E9030154
:1010600001432068826848F2FF339A43114381604C
:10107000D4E9050108432168CA6822F0FF02104341
:10108000C86001E00EE016E02068016841F001014F
:1010900001602564202084F83D00256384F83E50DB
:1010A000002070BD01EB4106431EB3FBF6F35B1C51
:1010B000B3E70120C2E701EB4101401EB0FBF1F0B4
:1010C000401CC0F30B00B7E7A086010080841E001F
:1010D00000093D0040420F002DE9FF4F83B000257D
:1010E000DDE910799A4693460446DDF8488000957C
:1010F000FFF728FF064694F83D0020287CD11923ED
:10110000012288492046009601F042FC0028F5D1D2
:1011100094F83C0001286FD0012084F83C0020683E
:101120000168C90703D1016841F00101016020682D
:10113000016821F400610160222084F83D00402014
:1011400084F83E0025646762A4F82A90608D2085AB
:101150007548E062CDE9008653465A462046049918
:1011600001F0C4FA00287CD1208DDFF8C09120273F
:1011700068B1012814D00228206801681ED041F40B
:10118000806101602068416980690090BCE020684E
:10119000416981690091016841F400710160B3E027
:1011A0002068016821F48061016072B6206841699D
:1011B00081690091016841F400710AE041F4006125
:1011C000016072B62068416981690091016821F46B
:1011D0008061016062B697E0032865D801280CD0D1
:1011E000022843464FF000024946204600960BD0A5
:1011F00001F0CEFBA8BB0CE091E032464146204610
:1012000001F06CFC68BB72E001F0C2FB48BB72B637
:1012100033E02068016821F48061016072B62068C3
:101220000069616A0870606A401C6062208D401E1F
:101230002085608D401E60853D4846F2A8110068FB
:10124000B0FBF1F0C0EBC00000EB80000090401E4E
:10125000009007D020684069C04340070DD5009832
:10126000F5E727E044F8305F6773A573206940F025
:101270002000206162B625731CE02068016841F4FB
:101280000071016020680069616A0870606A401C32
:101290006062218D491E2185618D491E618562B67E
:1012A00021680969017026E032464146204601F076
:1012B00015FC18B1012007B0BDE8F08F2068006967
:1012C000616A0870606A401C6062208D401E81B2B5
:1012D0002185608D401E608520684269D243520797
:1012E00012D4032903D1016821F4806101602068D0
:1012F0000069616A0870606A401C6062208D401E4F
:101300002085608D401E6085208D00287FF464AFAD
:1013100084F83D7084F83E5084F83C50CBE70220BE
:10132000C9E70000020010000000FFFF04000100F8
:10133000E00000202DE9FF4F83B09A46DDE91197C8
:1013400093460446DDF84080FFF7FCFD054694F81F
:101350003D0020287FD119230122404920460095D5
:1013600001F016FB002876D194F83C00012872D0D9
:10137000012084F83C0020680168C90703D1016896
:1013800041F0010101602068016821F40061016001
:10139000212084F83D00402084F83E000026266489
:1013A000C4F82480A4F82A90608D20852C48E0623F
:1013B000CDE9007553465A462046049901F014FAC7
:1013C00070B930E02A463946204601F0BFFB58B1DB
:1013D000206C042804D12068016841F40071016088
:1013E000012007B0BDE8F08F606A216800780861CD
:1013F000606A401C6062218D491E89B22185628D20
:10140000521E628522685369DB435B070BD469B1C6
:1014100000781061606A401C6062208D401E20854B
:10142000608D401E6085208D0028CBD12A4639462C
:10143000204601F081FA0028CAD154F83D0B01681A
:1014400041F400710160202004F81E09E6776677F8
:101450000020C6E7FFE70220C3E7000002001000FB
:101460000000FFFF10B586B00021009101910291AC
:10147000039100681349884222D1134CA06940F0BF
:101480000800A061A069694600F0080004904FF4CC
:101490004070009012200190032003900B48FFF74A
:1014A00043FC0B48416841F0E06141F002014160BA
:1014B000E06940F40010E061E06900F4001004907D
:1014C00006B010BD0054004000100240000C014066
:1014D0000000014002488168027811448160704731
:1014E000D4000020074810B5016841F010010160E8
:1014F000032000F075F80F2000F006F800F024F843
:10150000002010BD0020024070B50D4D04464FF480
:101510007A712878B1FBF0F00A490968B1FBF0F064
:1015200000F0FAFA48B9102C07D200222146501ECA
:1015300000F036F800206C6070BD012070BD000026
:10154000D4000020E00000200C4808B5816941F07B
:1015500001018161816901F001010091C16941F0DE
:101560008051C161C06900F080500090044841681A
:1015700021F0E06141F00071416008BD00100240BF
:1015800000000140002809DB00F01F02012191400A
:101590004009800000F1E020C0F800117047000011
:1015A000F0B40E4B1B680C46C3F30223C3F10705CE
:1015B000042D00D90425191D072901D2002300E0BC
:1015C000DB1E012606FA05F1491E214099409E4086
:1015D000761E16403143F0BC03F032B90CED00E04A
:1015E000064900F0070208684FF6FF03184040EA7A
:1015F0000220034A10430860704700000CED00E031
:101600000000FA05BFF34F8F05480168054A01F451
:10161000E06111430160BFF34F8F00BFFDE70000A1
:101620000CED00E00400FA052DE9F0470F46050037
:1016300061D0434E306800F00700B84209D23068EC
:1016400020F0070038433060306800F00700B842EF
:1016500051D128683B4C810712D5400703D56068FB
:1016600040F4E06060602878000703D5606840F4CB
:10167000605060606068A96820F0F0000843606016
:101680002878C00728D06868012810D0216802286F
:1016900010D0890700292EDA616821F00301014387
:1016A0006160FFF74FFC804641F288390DE0216808
:1016B0008903EFE78901EDE7FFF744FCA0EB0801A0
:1016C000494502D90320BDE8F0876068696800F0E9
:1016D0000C00B0EB810FEFD1306800F00700B8428A
:1016E0000BD9306820F0070038433060306800F0D4
:1016F0000700B84201D00120E5E72878400705D56A
:101700006068E96820F4E0600843606028780007BA
:1017100006D56068296920F4605040EAC100606025
:1017200000F038F86168084AC1F30311515CC84001
:101730000649086006480068FFF7E6FE0020C2E799
:101740000020024000100240BCA80008E000002079
:10175000D80000200448054900684968044AC1F3DC
:101760000221515CC8407047E00000200010024098
:10177000CCA800080448054900684968044AC1F338
:10178000C221515CC8407047E000002000100240B8
:10179000CCA800080E4A51680E4801F00C03042B37
:1017A00011D0082B0FD10C48C1F38343C903C05C8F
:1017B0000AD55168084AC1F34041921E515C054A5E
:1017C0005043B0FBF1F070470449484370470000B4
:1017D0000010024000127A00ACA8000800093D0089
:1017E0002DE9F84F040070D02078C04DC00749D0D3
:1017F0006868C0F38100012807D06868C0F38100E1
:10180000022809D16868C00306D52868800339D545
:1018100060680028E7D035E06068B0F5803F0BD005
:1018200010B1B0F5A02F11D0286820F480302860C6
:10183000286820F4802002E0286840F48030286086
:10184000606890B1FFF77EFB06460AE0286840F426
:1018500080202860F0E700BFFFF774FB801B64283E
:1018600073D828688003F7D50CE0FFF76BFB0646BA
:1018700005E000BFFFF766FB801B6428F0D82868EE
:101880008003F7D420789A4E80074FF001094FF07B
:10189000000839D5686810F00C0F07D06868C0F3ED
:1018A0008100022809D16868C00306D4286880072F
:1018B00014D52069012808D110E02069B0B1C6F81C
:1018C0000090FFF73FFB074605E00AE1FFF73AFB10
:1018D000C01B0228C4D828688007F7D5286861692A
:1018E00020F0F80040EAC10028600DE0C6F8008052
:1018F000FFF728FB074604E0FFF724FBC01B022884
:1019000023D828688007F7D4207800072CD5794899
:10191000A169D9B1C0F80090FFF714FB074604E0B5
:10192000FFF710FBC01B02280FD8686A8007F7D5A5
:1019300071484FF4FA510068B0FBF1F0009000BF1D
:101940000098411E0091FAD20EE080E0C0F80080BD
:10195000FFF7F8FA074604E0FFF7F4FAC01B022885
:1019600075D8686A8007F7D42078400760D5E869A1
:101970000027C00008D4E86940F08050E861E869B9
:10198000012700F0805000905C480168C90513D41D
:101990000168834641F480710160FFF7D3FA824603
:1019A00006E000BFFFF7CEFAA0EB0A0064284ED88D
:1019B000DBF80000C005F5D5E06801280AD008B1C1
:1019C000052813D0286A20F001002862286A20F038
:1019D000040002E0286A40F001002862E06841F259
:1019E000883B98B1FFF7AEFA82460BE0286A40F0D8
:1019F00004002862EEE700BFFFF7A4FAA0EB0A019B
:101A000059455AD8286A8007F6D50CE0FFF79AFAAC
:101A1000824605E0FFF796FAA0EB0A0159454CD83B
:101A2000286A8007F6D41FB1E86920F08050E86189
:101A3000E06988B36968C1F38101022944D00228B2
:101A4000C6F8608004D0FFF77DFA044638E034E041
:101A5000FFF778FA074604E0FFF774FAC01B022884
:101A60002BD828688001F7D4206AB0F5803F05D1D3
:101A70006868A16820F4003008436860D4E9080170
:101A80000843696821F4741108436860C6F86090DF
:101A9000FFF758FA044606E025E000BFFFF752FAC8
:101AA000001B022809D828688001F7D51BE000BF79
:101AB000FFF748FA001B022802D90320BDE8F88F7F
:101AC00028688001F4D40EE00128F7D06868226A03
:101AD00000F48031914204D1616A00F470108842B0
:101AE00001D00120EAE70020E8E7000000100240F2
:101AF0000000424280044242E000002000700040AA
:101B00004FF0E0210428086903D020F004000861A8
:101B1000704740F00400FAE710B5401EB0F1807F36
:101B200001D3012010BD4FF0E02460610F21601748
:101B300002F086FE0020A06107202061002010BD79
:101B40007047704770B590F83C20012A2CD00124D2
:101B500080F83C40022280F83D2003685A689D6866
:101B600022F070060A6832435A60104B02689A42AB
:101B70000ED00F4B9A420BD0B2F1804F08D00D4BD4
:101B80009A4205D00C4B9A4202D00C4B9A4204D197
:101B9000496825F080031943916080F83D40002199
:101BA00080F83C10084670BD022070BD002C01403A
:101BB000003401400004004000080040000C0040D8
:101BC00010B5040003D094F83D0010B107E00120E7
:101BD00010BD002084F83C00204600F01FF80220D1
:101BE00084F83D00211D206802F0D8FB012084F814
:101BF000460084F83E0084F83F0084F8400084F8F2
:101C0000410084F8420084F8430084F8440084F8DA
:101C1000450084F83D00002010BD000008B50068B4
:101C20000B49884212D10B48C16941F01001C161D2
:101C3000C069002200F01000009011463620FFF726
:101C4000AFFCBDE808403620FFF79CBC08BD000093
:101C5000001000400010024090F83D10012901D012
:101C600001207047022180F83D100168CA6842F0E7
:101C70000102CA6000680E4988420ED00D498842B0
:101C80000BD0B0F1804F08D00B49884205D00B49EA
:101C9000884202D00A49884204D1816801F00701D4
:101CA000062903D0016841F001010160002070475E
:101CB000002C0140003401400004004000080040B6
:101CC000000C00402DE9F0410D46040003D094F8CB
:101CD0003D0018B108E00120BDE8F081002084F843
:101CE0003C00204600F040F8022084F83D002068C7
:101CF000816844F2070291438160211D206802F04F
:101D00004DFB226890689169166A2B68AF6903439E
:101D100040F20330814341EA0721A868EF69084394
:101D20004FF6FC418843E96840EA072001432869EF
:101D30002F6A000140EA0730084369686D6926F0A0
:101D4000220646EA0515294393602268906154F8FB
:101D5000460B0162012004F81F09E0752076E07649
:101D60002077A0750020B7E700B585B0002100916D
:101D70000191029103911A4A01681A48914214D1C3
:101D8000C16941F00401C161C16901F0040104911C
:101D9000816941F0080181618069694600F00800AD
:101DA0000490C0200090104816E0104A914215D1CE
:101DB000C16941F00801C161C16901F008010491E4
:101DC000816941F0040181618069694600F0040085
:101DD0000490032000900648FEF7A6FF05B000BD62
:101DE0000008004000100240000C0140000C0040C0
:101DF0000008014070B590F83E60044690F83F50EE
:101E000090F8423090F84320022021B104290ED0EE
:101E1000012E1BD114E0012E18D1012B16D184F80C
:101E20003E0084F8420001220021206820E0012DBC
:101E30000CD1012A0AD184F83F0084F8430014E051
:101E4000012D03D1012B01D1012A01D0012070BD48
:101E500084F83E0084F83F0084F8420084F8430090
:101E600001220021206802F0E7FA01220421206803
:101E700002F0E2FA2068016841F0010101600020EF
:101E800070BD70472DE9F04104460068C6680569D9
:101E90004FF00007A90713D5B10711D5F91E01614D
:101EA00001202077206880698007204602D0FFF754
:101EB000E8FF04E000F0D4F8204600F083F927772B
:101EC000680716D5700714D521686FF00400086103
:101ED000022020772068806910F4407F204602D0DD
:101EE000FFF7CFFF04E000F0BBF8204600F06AF9EE
:101EF0002777280715D5300713D521686FF008001C
:101F00000861042020772068C0698007204602D03D
:101F1000FFF7B7FF04E000F0A3F8204600F052F905
:101F20002777E80616D5F00614D521686FF0100063
:101F30000861082020772068C06910F4407F20469F
:101F400002D0FFF79EFF04E000F08AF8204600F080
:101F500039F92777E80708D0F00706D021686FF035
:101F600001000861204600F0C7F9280608D53006B0
:101F700006D521686FF0800008612046FFF7E0FD7C
:101F8000680608D5700606D521686FF04000086124
:101F9000204600F0E5F9A8060AD5B00608D5216864
:101FA0006FF0200008612046BDE8F041FFF7C9BD91
:101FB000BDE8F08110B586B0002100910191029139
:101FC00003910268214902242148B2F1804F13D0C5
:101FD000204B9A420ED18A6942F004028A618969D3
:101FE000039401F004010491C021CDE90014694675
:101FF000FEF79AFE06B010BD8A6942F004028A61BB
:102000008A6902F0040204928A6942F008028A6135
:102010008969039401F0080104914FF40041CDE96E
:1020200000146946FEF780FE0820CDE900046946E9
:1020300009480394FEF778FE0848416821F440718E
:1020400041F0E06141F480714160D3E7001002404B
:102050000008014000040040000C01400000014065
:10206000704770B5044690F83C0000260D460128E4
:102070000FD0012084F83C006AB1042A1DD0082A40
:102080002FD00C2A3FD00126002084F83C00304697
:1020900070BD022070BD206802F0DCF92068816903
:1020A00041F0080181612068816921F004018161AA
:1020B000206881692A69114311E0206802F0FAF969
:1020C0002068816941F4006181612068816921F49F
:1020D00080618161206881692A6941EA0221816108
:1020E000D2E7206802F01CFA2068C16941F00801BB
:1020F000C1612068C16921F00401C1612068C16922
:102100002A69114311E0206802F03EFA2068C16993
:1021100041F40061C1612068C16921F48061C1613D
:102120002068C1692A6941EA0221C161ACE710B5A2
:10213000040003D094F83D0010B107E0012010BD69
:10214000002084F83C00204600F01EF8022084F8AD
:102150003D00211D206802F021F9012084F846008D
:1021600084F83E0084F83F0084F8400084F8410081
:1021700084F8420084F8430084F8440084F8450061
:1021800084F83D00002010BD08B501680B48B1F18E
:10219000804F0BD00A4A914207D1C16941F0020138
:1021A000C161C06900F00200009008BDC16941F042
:1021B0000101C161C06900F00100F5E700100240B3
:1021C000000400407047000010B50446022249B1E7
:1021D00004290ED0082913D094F84100012816D004
:1021E000012010BD94F83E000128F9D184F83E206A
:1021F0000FE094F83F000128F2D184F83F2008E076
:1022000094F840000128EBD184F8402001E084F8E4
:1022100041200122206802F00FF913492068134A77
:10222000884201D0904203D1436C43F4004343649D
:10223000206888420DD090420BD0B0F1804F08D07A
:102240000B49884205D00B49884202D00A4988428E
:1022500004D1816801F00701062903D0016841F02B
:1022600001010160002010BD002C0140003401403C
:102270000004004000080040000C004030B5044657
:102280000D460068002202F0D7F8194B41F21111F7
:1022900020688A10984202D0164B984209D1036AEE
:1022A0000B4206D1036A134203D1436C23F400436B
:1022B00043642068036A0B4206D1016A114203D1CC
:1022C000016821F00101016001203DB1042D08D019
:1022D000082D09D084F84100002030BD84F83E006C
:1022E000FAE784F83F00F7E784F84000F4E70000DD
:1022F000002C0140003401402DE9F0411249884290
:1023000020D1FEF725FC11484FF48267006890FB4E
:10231000F7F0FEF75EF90E4D0E4E2A463346FEF7F5
:1023200069F8FEF7A7F90C4CA0600C48006890FB18
:10233000F7F0FEF74EF92A463346FEF75BF8FEF754
:1023400099F9E060BDE8F0815C02002020000020E7
:10235000F3716DA818E72C4028000020240000200D
:102360007047704770470000F8B501680446086878
:10237000CA684B6910F00F0F4FF0000559D003F0F9
:10238000010602F49077374365D0C10705D0D10527
:1023900003D5616C41F001016164410705D5D9079E
:1023A00003D0616C41F002016164810705D5D90752
:1023B00003D0616C41F004016164010707D502F0AC
:1023C0002001314303D0616C41F008016164616C0C
:1023D00000293AD0800604D5900602D5204602F0A6
:1023E0002AF920684069616CC0F38010090700D4A5
:1023F00060B3204602F0F8F820684069400621D515
:102400002068143050E8001F21F0400140E800121D
:10241000002AF5D1E06BA8B16D494163E06BFEF78E
:10242000D9FB002811D0E06B416B01B0BDE8F04052
:10243000084783060FD593060DD52046BDE8F84022
:1024400002F0F9B82046FFF78DFFF8BD2046FFF7F0
:1024500089FF6564F8BD266B2023012E7CD1C6065A
:102460007AD5D60678D508684868009048694FF054
:102470000206400640D5E16B086840680004000C85
:10248000E8D0A28D8242E5D9E085886920282DD048
:1024900020680C3050E8001F21F4807140E80012E1
:1024A000002AF5D12068143050E8001F21F0010106
:1024B00040E80012002AF5D12068143050E8001FCF
:1024C00021F0400140E80012002AF5D184F84230A2
:1024D000256320680C3050E8001F21F0100140E80F
:1024E0000012002AF5D1E06BFEF750FB6663A08D69
:1024F000E18D401A81B22AE0A08DE18D401A81B2AF
:10250000E08D0028A6D00029A4D022680C3252E821
:10251000000F20F4907042E80007002FF5D12068EA
:10252000143050E8002F22F0010240E80027002F6D
:10253000F5D184F84230256320680C3050E8002F34
:1025400022F0100240E80023002BF5D166632046FC
:10255000FFF707FFF8BDFFE705062BD5150629D5C0
:1025600094F841002128F5D1A068B0F5805F01D131
:102570002069B0B1206A411C21622168007848605E
:10258000E08C401E0004000CE084E3D12068C168A8
:1025900021F08001C1602068C16841F04001C16044
:1025A000D8E7206A0088C0F308004860206A801CD1
:1025B0002062E5E74006CDD55006CBD5CA68204657
:1025C00022F04002CA6084F8413000F076F8C1E79A
:1025D000D945000870B5040004D094F841000025E6
:1025E00010B106E0012070BD84F84050204600F094
:1025F00023F8242084F841002068C16821F40051A8
:10260000C160204602F078F82068016921F4904109
:1026100001612068416921F02A0141612068C16897
:1026200041F40051C1606564202084F8410084F8C1
:1026300042006563002070BD30B585B00024009471
:102640000194029403940068184988422CD11848D8
:10265000816941F480418161816901F48041049183
:10266000816941F0040181618069124D00F004002C
:1026700004904FF40070009002200190032003901A
:1026800069462846FEF750FB2815CDE90004694647
:1026900028460294FEF748FB00220F212520FEF772
:1026A0007FFF2520FEF76EFF05B030BD00380140EA
:1026B000001002400008014070477047FEE70168C3
:1026C0004A69D24352050FD46FF480624A610021F7
:1026D00040F8301F202242738173026942F00402E5
:1026E0000261017301207047002070472DE9F84F07
:1026F0000446006889460B9D01689846174641F4D8
:10270000806101602068016841F48071016000957A
:102710004FF0011B0022594620460A9B00F038F971
:102720004FF4007A40B120680068C00501D5C4F8B4
:1027300040A00320BDE8F88F216809F0FE00086181
:102740002B46284920460A9A00F06AF9F0BB206817
:102750004169806900902A4620460A9900F0F6F9FE
:1027600040B1206C04283AD12068016841F400711E
:10277000016034E0FEB2B8F1010F09D02168380AD7
:1027800008612A4620460A9900F0E0F90028E8D1BD
:10279000206806612A4620460A9900F0D7F90028E9
:1027A000DFD12068016841F480710160009500224A
:1027B000594620460A9B00F0EBF80028B3D1216867
:1027C00009F0FF0040F00100086100E007E02B463F
:1027D000044920460A9A00F023F90028AAD00120D3
:1027E000A8E70000020001002DE9F8430446006854
:1027F0000D46DDE9089701689846164641F4807158
:1028000001604B4600224FF001112046009700F076
:10281000BFF848B120680068C00502D54FF40070C9
:1028200020640320BDE8F883216805F0FE000861FC
:102830003B464A461549204600F0F2F888B9206820
:102840004169806900903A464946204600F07EF989
:1028500048B1206C042804D12068016841F400715B
:1028600001600120DEE7F5B2B8F1010F09D021685F
:10287000300A08613A464946204600F067F90028C8
:10288000E7D1206805610020CCE7000002000100CC
:1028900010B50E4C012220212046FEF74EFB0122EE
:1028A00010212046FEF749FB00F08AF90022202182
:1028B0002046FEF742FB00F083F90022102120465B
:1028C000FEF73BFBBDE8104000F07AB90010014074
:1028D00010B50A4C002220212046FEF72EFB0122D3
:1028E00010212046FEF729FB00F06AF9204601225C
:1028F000BDE810402021FEF720BB00000010014081
:1029000010B50C4C012220212046FEF716FB00F0EA
:1029100057F9012210212046FEF70FFB00F050F975
:10292000002210212046FEF708FBBDE8104000F011
:1029300047B900000010014070B516460D46044628
:102940001EE02046FFF7BBFE08B1012070BD681CE9
:1029500016D0FEF7F7FA801BA84200D885B9206888
:102960004069C04340070BD5002044F8300F2021B8
:102970006173A073216941F0200121612073E4E7B4
:1029800020684069C0434007DBD4002070BD0000D0
:102990002DE9F047984617460D460446C1F3074611
:1029A000DDF820902AE000BFB8F1FF3F26D0FEF707
:1029B000C9FAA0EB0901414502D8B8F1000F1DD1B9
:1029C0002068012E16D0806925EA00000004000C62
:1029D00012D00020B84211D1002044F8300F20213D
:1029E0006173A073216941F02001216120730120EE
:1029F000BDE8F0874069E7E70120EBE72068012E9A
:102A00000AD0806925EA00000004000C06D00020EE
:102A1000B842C9D00020EBE74069F3E70120F7E7AF
:102A20002DE9F047984616460D4604464FF000093A
:102A30004FF0200AC1F3074723E020684069C043F4
:102A4000400515D42068016841F4007101602168D7
:102A50006FF480604861C4F8309084F83DA084F839
:102A60003E90216C41F00401216484F83C9021E007
:102A7000701C06D0FEF766FAA0EB0800B04203D83F
:102A800016B1012F1FD021E02068012F15D08069D9
:102A900025EA00000004000C18D000BF44F8309F65
:102AA00084F80DA084F80E90216941F02001216185
:102AB00084F80C900120BDE8F087406925EA000009
:102AC0000004000CEAD12068406901E020688069B8
:102AD00025EA00000004000CAFD1ECE72DE9F0413D
:102AE000002590460E460446202728E04069C04352
:102AF000C0060CD454F8301B6FF01000486144F845
:102B000010596777A577206A2062257714E0FEF7D1
:102B100019FAA0EB0800B04200D886B920684069D5
:102B2000C04340060BD544F8305F6773A573206936
:102B300040F02000206125730120BDE8F08120686D
:102B40004169C9434906D1D40020F6E770B516465D
:102B50000D4604461EE02046FFF7B1FD08B10120F6
:102B600070BD681C16D0FEF7EDF9801BA84200D896
:102B700085B920684069C04300060BD5002044F8A1
:102B8000300F20216173A073216941F02001216180
:102B90002073E4E720684069C0430006DBD40020CE
:102BA00070BD00003EB502248DE81C000A460146B7
:102BB00001230248FEF790FA3EBD0000E800002025
:102BC0000320401EC0B2FCD27047000010B50D4C6F
:102BD0004FF400512046FEF7A3F968B14FF480414D
:102BE0002046FEF79DF948B14FF400412046FEF71C
:102BF00097F928B1002010BD012010BD022010BDA2
:102C0000032010BD0010014010B5FFF7DFFF0B4996
:102C1000002278B10B785B1CDBB20B70142B07D34E
:102C20000A708A78002A02D101228A70487010BD89
:102C30004A7010BD0A708A70FAE700000800002090
:102C400070B504213B48FEF76BF93B4DC4014FF4CE
:102C500080512846FEF764F944EA8014E9142846B6
:102C6000FEF75EF944EA401429152846FEF758F9A4
:102C700044EA001469152846FEF752F944EAC004F4
:102C8000A9152846FEF74CF944EA8004802128461D
:102C9000FEF746F944EA400440212846FEF740F991
:102CA00004432649E0B2012808701ED003281ED034
:102CB00002281FD006281FD004281FD00C281FD0A0
:102CC00008281FD0002218280DD010281CD030282A
:102CD0001DD020281ED060281FD0402820D0C0281A
:102CE00021D0802822D04A6070BD182000E0142036
:102CF000486070BD1020FBE70C20F9E70820F7E7DB
:102D00000420F5E70220F3E76FF00100F0E76FF031
:102D10000300EDE76FF00700EAE76FF00B00E7E76D
:102D20006FF00F00E4E76FF01300E1E76FF01700BA
:102D3000DEE7000000140140001001400C000020FC
:102D40002DE9F8430124202873D019DC0C2871D018
:102D50000BDC4FF00A050C2870D2DFE800F0304A97
:102D6000F8F76F6F6F6F6F6F739D14380C2865D213
:102D7000DFE800F0F3F2F1F0646464646464EFEEA1
:102D80007A287DD00EDC70287BD006DC212879D013
:102D90006E2878D06F2851D1E0E0782874D0792857
:102DA0004CD1F5E1832870D004DC7B286ED08228DA
:102DB00044D157E384286AD085283FD1FDE300231E
:102DC0007F2219461846009501F062F81823F8A2F0
:102DD00004210A20009401F0DFF920237F22194604
:102DE0000020009501F054F81823F4A22321009448
:102DF0009CE31023F3A200213220009401F0CCF9CF
:102E000010237F2219460020009501F041F8082385
:102E1000EEA218211420009401F0BEF90823EDA2BF
:102E200028211420009401F0B7F90823EBA20094A4
:102E300020E0E3E249E001E001F0AEF9BDE8F8434B
:102E400001F004B900211023E0A20846009401F02B
:102E5000A3F90823E3A218211420009401F09CF99F
:102E60000823E3A228211420009401F095F90823F7
:102E7000E3A200943821142001F08EF9082307E022
:102E800092E19EE0D4E239E07EE151E35AE2E4E3EC
:102E9000DEA218210094E8E300211023CBA208460B
:102EA000009401F079F90823CEA21821142000948F
:102EB00001F072F90823CEA228211420009401F019
:102EC0006BF90823CEA20094E9E000211023BFA2F1
:102ED0000846009401F060F90823C2A218211420CA
:102EE000009401F059F90823C1A22821142000946C
:102EF00001F052F90823C2A2009423E1002110231B
:102F0000C3A20846009401F047F9C4480068FDF7E1
:102F10009EFB02460B46C2A1C54801F069FCC548AC
:102F20000068FDF794FB0246C1480B46C2A1403041
:102F300001F05EFCC4480068FDF789FB0246BC480E
:102F40000B46C2A1803001F053FC25E0FEE187E092
:102F50003AE21FE2FFE0DDE0C3E0A9E00021102338
:102F6000BEA20846009401F017F9C048C0A1B0F90C
:102F70000020AF4801F03CFCC048C1A1B0F90020DE
:102F8000AB48403001F034FCC048C1A1B0F900208A
:102F9000A748803001F02CFC14210823A44A0846DD
:102FA000009401F0F9F8A24A082340321C211420B1
:102FB000009401F0F1F89E4A082380322421009405
:102FC000B4E200211023B5A20846009401F0E4F811
:102FD000B6480068FDF73BFB02460B46B4A1944897
:102FE00001F006FCB5480068FDF731FB0246904849
:102FF0000B46B3A1403001F0FBFBB4480068FDF77D
:1030000026FB02468A480B46B1A1803001F0F0FB56
:10301000B2480068FDF71BFB024685480B46B0A18D
:10302000C03001F0E5FB14210823814A08460094D2
:1030300001F0B2F87E4A082340321C21142000948B
:1030400001F0AAF87A4A082380322421142000943F
:1030500001F0A2F8764A0823C0323021009465E2DC
:10306000102358A200213220009401F095F810237B
:103070007F2219460020009500F00AFF082353A282
:1030800018211420009401F087F8082351A2282168
:103090001420009401F080F8082350A200943821F5
:1030A000142001F079F8082358A228210094DCE2CA
:1030B0000021102347A20846009401F06DF8082370
:1030C0008AA218211420009401F066F808238AA22D
:1030D00028211420009401F05FF8082389A20094AD
:1030E000C8E6002110233BA20846009401F054F8E2
:1030F00008237EA218211420009401F04DF8082323
:103100007DA228211420009401F046F808237DA216
:103110000094C4E7002110232EA20846009401F079
:103120003BF8082371A218211420009401F034F810
:10313000082371A228211420009401F02DF80823FF
:1031400070A200943821142001F026F808232FA241
:103150003821009489E2002110231EA20846009421
:1031600001F01AF8082364A218211420009401F039
:1031700013F8082363A228211420009401F00CF80E
:10318000082363A20094DDE7102364A2009402E008
:10319000102365A200940021084600F0FDFF1023D3
:1031A00009A218210094C1E1102362A20094F2E761
:1031B000536D617274204361720000003C535441AE
:1031C00052543E004D454E55000000004D505536BE
:1031D000303530005441534B0000000054455354E7
:1031E000000000004779726F73636F706500000024
:1031F000416363656C65726F6D6574657200000094
:1032000045756C657220616E676C65003E3E00001E
:103210004779726F73636F7065203A0080000020F9
:103220006779726F783A2025352E356600000000E8
:103230006C070020840000206779726F793A20259E
:10324000352E356600000000880000206779726F17
:103250007A3A2025352E356600000000416363650B
:103260006C65726F6D65746572203A006E000020A7
:10327000416363783A202536640000007200002024
:10328000416363793A20253664000000760000200F
:103290004163637A3A2025366400000045756C6509
:1032A0007220416E676C65203A000000C800002063
:1032B00070697463683A25332E346600CC000020B0
:1032C000726F6C6C203A25332E346600D0000020DB
:1032D00079617720203A25332E3466008C00002057
:1032E00074656D70203A25332E3466005441534B7B
:1032F000204F4E45000000005441534B2054574F7F
:10330000000000005441534B2054485245450000F2
:103310005441534B20414C4C000000005441534B4E
:10332000204F4E45203A00005441534B2054574FF4
:10333000203A00005441534B205448524545203A0E
:10334000000000001023CAA2009424E71023AFF26B
:103350008C1200213220009400F01EFF10237F22E7
:1033600019460020009500F093FD0823AFF2A41247
:1033700018211420009400F00FFF0823AFF2AC12C4
:1033800028211420009400F007FF0823AFF2B412A4
:103390000094D7E61023AFF2BC1200210846009437
:1033A00000F0FAFE0823B5A218211420009400F0C2
:1033B000F3FE0823B3A228211420009400F0ECFEB1
:1033C0000823B3A2009455E51023AFF2F0120021B8
:1033D0000846009400F0E0FE0823A8A2182114205B
:1033E000009400F0D9FE0823A6A2282114200094FE
:1033F00000F0D2FE0823A6A2009450E61023AFF2FC
:10340000242200210846009400F0C6FE08239BA257
:1034100018211420009400F0BFFE082399A228214F
:103420001420009400F0B8FE082399A2009489E6C5
:103430001023AFF2582200210846009400F0ACFEA1
:10344000082390A218211420009400F0A5FE082360
:103450008FA228211420009400F09EFE08238EA243
:1034600000946FE6002110238EA20846009400F01D
:1034700093FE8E4D8EA19248B5F9002001F0B8F967
:10348000B5F90000FDF7A5F88E4D00222B46FCF79C
:10349000B1FF8D4E00223346FCF7ACFFDFF82C82E3
:1034A00000224346FDF718F8024685480B4688A1DE
:1034B000403001F09DF98A4F81488AA1B7F9002078
:1034C000803001F095F9B7F90000FDF782F800228D
:1034D0002B46FCF78FFF00223346FCF78BFF0022C0
:1034E0004346FCF7F9FF024675480B4678A1C03009
:1034F00001F07EF914210823714A0846009400F077
:103500004BFE6F4A082340321C211420009400F027
:1035100043FE6B4A0823803224211420009400F0DB
:103520003BFE674A0823C0322C210094142083E418
:10353000002110236FA20846009400F02DFE704D6C
:1035400040212846FDF7ECFC02466EA15C4801F0E4
:103550004FF980212846FDF7E3FC024658486BA14D
:10356000403001F045F9A9152846FDF7D9FC02467F
:10357000534868A1803001F03BF969152846FDF7F2
:10358000CFFC02464E4865A1C03001F031F9291543
:103590002846FDF7C5FC024662A1644801F028F9FF
:1035A000E9142846FDF7BCFC0246604860A14030A3
:1035B00001F01EF9A914284600E052E0FDF7B0FC26
:1035C00002465A485CA1803001F012F904215C489F
:1035D000FDF7A6FC024655485AA1C03001F008F993
:1035E0000823374A18210020009400F0D5FD344A02
:1035F0000823403220210020009400F0CDFD304A05
:103600000823803228210020009400F0C5FD474A9D
:103610000823403A30210020009400F0BDFD08232B
:10362000424A18214020009400F0B6FD3F4A08238A
:10363000403220214020009400F0AEFD3B4A082398
:10364000803228214020009400F0A6FD374A08234C
:10365000C03230214020009469E710233BA200943F
:1036600002E010233BA20094002100205FE700004D
:103670005441534B20414C4C203A00004D6F746F25
:10368000720000004772657953656E736F720000B7
:103690004F70656E4D560000426C7565546F6F74C7
:1036A000680000004D6F746F723A00001C0000202B
:1036B0004D315F456E634E756D3A202535640000CF
:1036C0006C07002000408F4000004E400050D44066
:1036D00072706D3A20202020202025322E32660084
:1036E0001E0000204D325F456E634E756D3A2025F9
:1036F000356400004772657953656E736F723A00E6
:10370000001001404857313A256400004857323ACA
:10371000256400004857333A256400004857343A7E
:10372000256400004857353A256400006C080020E5
:103730004857363A256400004857373A2564000058
:10374000001401404857383A256400004F70656EF8
:103750004D563A00426C7565546F6F74683A0000BC
:103760002DE9F0415348544C007801281CD0012524
:103770000A2614274FF01E08022840D0032826D11D
:1037800000F04EFB2078202870D071DC142867D020
:103790005FDC0A284BD057DC012803D0022801D077
:1037A000032814D1002011E000F03AFB20781528FE
:1037B00023D015DC0A2820D00BDC012803D00228F6
:1037C00001D0032803D100EB800040002070BDE849
:1037D000F0810B2811D00C280FD01428F7D10CE061
:1037E000A0F116010C29F2D2DFE801F00707060666
:1037F0000606060607070707E9E76430E6E72078CC
:10380000401C207000F00CFB2078222819D006DC28
:1038100004280CD00D280CD01828D8D10DE0712820
:1038200009D07C280BD08628D1D18220CEE7257004
:10383000CDE72670CBE76E20C8E72770C7E7782072
:10384000C4E784F80080C2E70B28F0D00C28BED172
:10385000EDE7172804D005DC152801D01628B6D1CD
:103860000220B3E71E2822D01F28B0D11FE0FFE7B7
:103870007A28E2D00EDC7028DBD006DC212816D0B6
:103880006E28D6D06F28A2D1D3E77828D5D0792852
:103890009DD1D2E78328D4D004DC7B28CDD08228E8
:1038A00095D1CEE78428CCD0852890D1C9E70320D4
:1038B0008CE70000090000200B0000202DE9F84FE4
:1038C0000E23434A3B21D020FFF76CF94048414C7E
:1038D0004178027801EB02212288891A09B2A1817C
:1038E0008946C178827801EB02216288891A09B27F
:1038F000218288464179027901EB0221A288891A46
:103900000FB2A782417A027A01EB0221E288891A7A
:1039100009B22183C27A837A02EB03222389D21A65
:1039200016B26683427B007B02EB00206289801A1C
:1039300005B2A5830846FCF73EFEDFF89CA0514681
:10394000FCF7DCFC20623046FCF735FE5146FCF704
:10395000D5FC60622846FCF72EFE5146FCF7CEFCF3
:10396000A0624846FCF727FE6FF00D052946FCF7DC
:1039700035FD1A4E3146FCF7C1FCFCF73BFEE081F9
:103980004046FCF718FE2946FCF728FD3146FCF7B7
:10399000B5FCFCF72FFE60823846FCF70CFE29468A
:1039A000FCF71CFD3146FCF7A9FCFCF723FEE08286
:1039B0000021684603F0A6F9002806D10098FCF71C
:1039C000FAFDA91EFCF70AFDE062BDE8F88F0000D1
:1039D000E40A0020600000208DC1793D0AE81C4106
:1039E00030B587B018216846FCF718FC284C002534
:1039F0000A2001F06FFFFFF761FFB4F90C10009887
:103A00006D1C08440090B4F910100198ADB2084440
:103A10000190B4F914100298802D08440290B4F972
:103A20001810039808440390B4F91A100498084435
:103A30000490B4F91C10059808440590D8D3009858
:103A4000C11700EB5160C01120800198C11700EB35
:103A50005160C01160800298C11700EB51604CF2B8
:103A6000010101EBE010A0800398C11700EB516049
:103A7000C011E0800498C11700EB5160C011208193
:103A80000598C11700EB5160C011608107B030BDCF
:103A9000600000202DE9F04385B0002435480094F3
:103AA000019402940394816941F01001816181695C
:103AB00001F010010491816941F020018161816967
:103AC00001F020010491816941F004018161816963
:103AD00001F004010491816941F00801816180696C
:103AE000DFF8948000F00800049001220E21404687
:103AF000FDF723FA002230214046FDF71EFADFF8D9
:103B00007C904FF4C057012239464846FDF715FA1C
:103B10004FF6C070CDE90004694640460294FDF7B7
:103B200003F901250E20CDE900050226CDE9025654
:103B300069464046FDF7F8F83020CDE9000503203E
:103B4000CDE9025069464046FDF7EEF8009703962E
:103B5000CDE9015469464846FDF7E6F80420CDE971
:103B60000004694606480294FDF7DEF805B0BDE89A
:103B7000F0830000001002400010014000080140E6
:103B8000001401400D4810B50B4901600C4941601B
:103B900000214FF480428160C0E9031241618161DC
:103BA000C1610162FDF7D4F9002803D0BDE81040DF
:103BB000FCF7CCBF10BD000000540040E80000201E
:103BC000801A060010B58AB0002407941C216846AC
:103BD0000894FCF723FB1A484FF080410160012153
:103BE000C0E9011440F2E731C0E903148461FEF733
:103BF0009EFA08B1FCF7AAFF079407A91048089499
:103C0000FDF7A0FF08B1FCF7A1FF6020CDE900049B
:103C10000294002269460A480494FEF722FA08B189
:103C2000FCF794FF042269460548FEF71AFA08B12A
:103C3000FCF78CFF0248FEF7BDF90AB010BD00008A
:103C40003C01002010B58AB0002407941C2168466E
:103C50000894FCF7E3FA1A48184901600121C0E909
:103C6000011440F2E731C0E903148461FEF75FFA02
:103C700008B1FCF76BFF079407A911480894FDF7FA
:103C800061FF08B1FCF762FF6020CDE900040294F7
:103C9000002269460A480494FEF7E3F908B1FCF7EC
:103CA00055FF042269460648FEF7DBF908B1FCF728
:103CB0004DFF0348FEF77EF90AB010BD0004004036
:103CC0008401002010B58CB024216846FCF7A6FAC8
:103CD00000241648099414490A94C0E900144FF6C8
:103CE000FF71C0E90241046184610320CDE9000451
:103CF0000120CDE902040494CDE90540079469460A
:103D00000A480894FDF7DEFF08B1FCF71FFF09948D
:103D100009A906480A94FDF715FF002801D0FCF711
:103D200015FF0CB010BD000000080040CC010020C1
:103D300010B58CB024216846FCF770FA00241648B0
:103D4000099414490A94C0E900144FF6FF71C0E9C0
:103D50000241046184610320CDE900040120CDE922
:103D600002040494CDE90540079469460A48089482
:103D7000FDF7A8FF08B1FCF7E9FE099409A9064878
:103D80000A94FDF7DFFE002801D0FCF7DFFE0CB03F
:103D900010BD0000000C0040140200201CB50024DF
:103DA0000F4800940D490194016041F61F41C0E99C
:103DB0000114C721C16080218161FDF701FF08B1B5
:103DC000FCF7C4FE0094694605480194FDF7BAFE6D
:103DD000002801D0FCF7BAFE1CBD00000010004016
:103DE0005C0200200C4810B50A4901604FF4E13133
:103DF0004160002181600C22C160C0E90412816130
:103E0000C161FEF7E7FB002803D0BDE81040FCF7D6
:103E10009DBE10BD00380140A4020020FEE7FEE771
:103E200030B40021084B0A465FF0000003EBC004E9
:103E3000401CC0B262548028F8D3491CC9B208297A
:103E4000F2D330BC00F002B9EC02002030B10128FE
:103E500007D100215FF0A70000F0BCB90021A62027
:103E6000FAE7704710B558B1012810D10021C020E1
:103E700000F0B0F90021A020BDE8104000F0AAB980
:103E80000021C82000F0A6F90021A120F4E710BD10
:103E90002DE9FE4F151ACDE900104FF000085E1A0B
:103EA00047464FF0FF30002D02DD4FF0010102E0E8
:103EB00003D14FF000018B4602E08346C5F10005B7
:103EC000002E02DD4FF0010002E003D14FF00000B0
:103ED000824602E08246C5F10006B54201DD2C466D
:103EE00000E03446601C4FF00009029019E0009891
:103EF0000C9AC1B20198C0B200F018F8A844374437
:103F0000A04504DD0198A8EB040858440190A7429D
:103F100003DD00983F1B5044009009F101001FFA97
:103F200080F902998945E2DBBDE8FE8F30B5CC0807
:103F300001F0070301259D40EBB2064D05EBC005DE
:103F4000C808285C0AB1184302E063EA0000C043D5
:103F5000285530BDEC02002010B51420FCF7D2FE2D
:103F6000FFF798FD0021AE2000F034F9002108464B
:103F700000F030F90021102000F02CF90021402041
:103F800000F028F90021812000F024F90021CF2041
:103F900000F020F90021A12000F01CF90021C82028
:103FA00000F018F90021A62000F014F90021A82043
:103FB00000F010F900213F2000F00CF90021D3207F
:103FC00000F008F90021084600F004F90021D5208E
:103FD00000F000F90021802000F0FCF80021D92039
:103FE00000F0F8F80021F12000F0F4F80021DA20C8
:103FF00000F0F0F80021122000F0ECF80021DB20A6
:1040000000F0E8F80021402000F0E4F80021202032
:1040100000F0E0F80021022000F0DCF800218D2003
:1040200000F0D8F80021142000F0D4F80021A420DA
:1040300000F0D0F80021A62000F0CCF8FFF7F0FE49
:104040000021BDE81040AF2000F0C4B870B5184E94
:10405000002400BF04F1B000C0B2002100F0BAF8A3
:104060000021084600F0B6F80021102000F0B2F858
:10407000FEF70EFC782000F0CBF8FEF741FC402064
:1040800000F0C6F8FEF73CFC5FF0000506EBC5004B
:10409000005D00F0BDF8FEF733FC6D1CEDB2802D25
:1040A000F4D3FEF715FC641CE4B2082CD2D370BD27
:1040B000EC0200202DE9FC4F1C460E4682468B4642
:1040C0000190082B0DD0600700D0012000EBD40038
:1040D00061084843C0B28146203AD0B20090002027
:1040E0004BE00620F7E7082C13D00C2C18D0102C2E
:1040F0001BD0182C44D10098234900EBC00000BF0E
:1041000001EB8001002711F80850E80712D00B9A44
:1041100013E000981D4900EB400001EB4001F1E77E
:1041200000981B4900EB4000EAE71A49009801EBB0
:104130000011E7E70B9828B3002231465046FFF7FD
:10414000F5FE761C7F1C6D08FFB2F6B2082FDCD39B
:104150000AF1010000F0FF0A082C0AD00199AAEB2D
:104160000100B0EB540F04D10BF108008A4600F0B7
:10417000FF0B08F101005E46C0B280464845B2D34D
:10418000BDE8FC8F0122D8E7DC8A0008507E0008D9
:1041900078800008EC8400082DE9F8411E46154699
:1041A00088460446079F0BE0334641462046009769
:1041B000FFF780FF082E0AD004EB5600C4B26D1C36
:1041C0002A78A2F120005E28EED9BDE8F881A41D6E
:1041D000E4B2F4E770B50C460546FEF759FB7820CB
:1041E00000F016F8FEF78CFB0CB1402000E0002038
:1041F00000F00EF8FEF784FB284600F009F8FEF701
:104200007FFBBDE87040FEF763BB7047704700005E
:1042100070B5104E05460024280601D5012200E0A5
:10422000002220213046FCF788FEFEF7C9FC01225F
:1042300010213046FCF781FEFEF7C2FC002210215F
:104240003046FCF77AFE6806641C050EE4B2082CC2
:10425000E2D370BD00100140064910B5002008707F
:1042600001460548FEF70AF8BDE81040042102485F
:10427000FEF704B8140000203C010020064910B5E8
:104280000120087000210548FDF79EFFBDE81040A1
:1042900004210248FDF798BF140000203C010020D3
:1042A000064910B50020487001460548FDF7E6FFB5
:1042B000BDE8104004210248FDF7E0BF14000020D3
:1042C00084010020064910B50120487000210548EE
:1042D000FDF77AFFBDE8104004210248FDF774BFE6
:1042E000140000208401002010B5FEF78DFCFFF7BC
:1042F00037FAFEF7A5FC0A480178491CC9B20170DB
:104300000A2908D100210170064A0749074802F02E
:104310003BFBFFF7D3FABDE81040FDF7DBB8000028
:1043200000000020D0000020CC000020C8000020A9
:1043300030B58FB028216846FBF770FF14210AA81A
:10434000FBF76CFF01210804CDE900100024029462
:1043500002250491CDE907504FF4E010099068461A
:10436000FDF73EFA08B172B6FEE70F20CDE90A0567
:104370004FF48060CDE90C4002210AA80E94FDF7AD
:1043800053F9002801D072B6FEE70FB030BD704778
:104390000148FDF777BD00005C020020F0B502681F
:1043A000204C214D214E224F224B4FF0804CA042F9
:1043B00009D0984207D0604505D0A84203D0B0424A
:1043C00001D0B84204D122F0700E4A6842EA0E02CF
:1043D000A04209D0984207D0604505D0A84203D03A
:1043E000B04201D0B84203D122F44075CA682A43D2
:1043F0004D6922F080022A4302608A68C2620A681C
:104400008262A04201D0984201D109690163012171
:1044100041610169C90703D0016921F0010101610E
:10442000F0BD0000002C01400004004000080040E6
:10443000000C00400034014010B501F01F030121C1
:10444000046A99408C430462016A9A4011430162F4
:1044500010BD0000F0B5036A026A22F00102026298
:1044600042688469124E24F073050C682C4323F0D3
:1044700002058B682B430D4DA84201D0B04205D1F7
:1044800023F00807CB683B4323F00403A84201D084
:10449000B04205D14D6922F4407215438A692A431E
:1044A00042608461496841630362F0BD002C0140B1
:1044B00000340140F0B5026A036A23F0100303627E
:1044C000436884690D6824F4E64444EA05248D6851
:1044D00022F0200242EA05120F4D104EA84201D0F0
:1044E000B04206D1CF6822F0800242EA071222F0E1
:1044F0004002A84201D0B04207D14D6923F4406385
:1045000043EA85038D6943EA850343608461496812
:1045100081630262F0BD0000002C014000340140C4
:10452000F0B5026A036A23F4807303624368C469C6
:1045300022F4007224F073050C68124E2C438D682F
:1045400042EA05220E4DA84201D0B04206D1CF6802
:1045500022F4006242EA072222F48062A84201D0DB
:10456000B04207D14D6923F4405343EA05138D69E6
:1045700043EA05134360C4614968C1630262F0BD48
:10458000002C01400034014030B5046A026A22F474
:10459000805202624268C3690D6823F4E64343EA2D
:1045A00005238D6824F4005444EA0534084DA842DC
:1045B00002D0084DA84204D14D6922F4804242EA5B
:1045C00085124260C36149680164046230BD000025
:1045D000002C01400034014010B5406A0021C18523
:1045E000C184FDF7BFFE10BD01680C3151E8002FFA
:1045F00022F4907241E80023002BF5D101681431B8
:1046000051E8002F22F0010241E80023002BF5D1F0
:10461000016B012909D101680C3151E8002F22F00A
:10462000100241E80023002BF5D1202180F8421030
:1046300000210163704708B590F84210222901D08B
:10464000022008BD82684FF480539A4201D101696B
:1046500021B1816A9A421BD04AB10AE00268816A9C
:104660005268C2F308020A80816A891C08E0026964
:1046700072B10268526802F07F020A70816A491CB6
:104680008162C18D491E0904090CC18503D01BE05C
:1046900002685268F1E70168CA6822F02002CA6025
:1046A0000168CA6822F48072CA6001684A6922F00F
:1046B00001024A61202180F8421000214163026B0F
:1046C000012A03D0FDF7F8FF002008BD016301684F
:1046D0000C3151E8002F22F0100241E80023002B9A
:1046E000F5D101680A68D20602D50A6849680091C6
:1046F000818DFDF736FEE7E770B504460068016975
:10470000E26821F44051114301612169A068084326
:10471000616908432168CA6841F20C639A43024305
:10472000CA6020684169A26921F440711143416166
:104730001E492068884202D1FDF71CF801E0FDF710
:1047400009F800EBC00101EB0012606864218000F1
:10475000B2FBF0F3B3FBF1F36FF018067343B2FB57
:10476000F0F5B2FBF0F605EB8305322303EB0515FC
:10477000B5FBF1F5B6FBF1F605F0F00505EB061516
:10478000B2FBF0F6B2FBF0F0B0FBF1F06FF0180204
:10479000504306EB800003EB0010B0FBF1F0216802
:1047A00000F00F002844886070BD00000038014010
:1047B0000B4810B50168086800F0080209488270CB
:1047C000496841700121401C03F048F9082106485E
:1047D000FCF7ABFBBDE810400148FDF7C5BD00008C
:1047E000A40200200000002000100140FEE70000AD
:1047F0000FB4084B10B504A902AA039800F070F991
:10480000044602A9002000F002FD204610BC5DF81D
:1048100014FB00000F520008490050EAC12018BFE5
:1048200004204A0D18BF40F0010040F2FF72B2EBC5
:10483000515F08BF40F00200012808BF0520704703
:104840000907090E002804DB00F1E02080F80014BD
:10485000704700F00F0000F1E02080F8141D704751
:104860002DE9F0414F1E00EBC7010446D1E90001DC
:1048700015461E4637F006020DD02A463346FBF792
:10488000B9FD7F1E04EBC703D3E90023FBF7E9FF63
:1048900037F00602F1D1022F25D0042F13D0062FB6
:1048A00018BFBDE8F0812A463346FBF7A3FDD4E9E3
:1048B0000A23FBF7D6FF2A463346FBF79BFDD4E9D4
:1048C0000823FBF7CEFF2A463346FBF793FDD4E9D6
:1048D0000623FBF7C6FF2A463346FBF78BFDD4E9D8
:1048E0000423FBF7BEFF2A463346FBF783FDD4E9DA
:1048F0000223FBF7B6FF2A463346FBF77BFDD4E9DC
:104900000023BDE8F041FBF7ACBF0122FCF750B833
:10491000FBF7A7BF0022134610461146FBF7DCBD8C
:10492000024A00201107FCF743B8000001FDFFFF19
:1049300002E008C8121F08C1002AFAD17047704768
:10494000002001E001C1121F002AFBD170470000C6
:104950000149086070470000E40000202DE9FF5F76
:1049600082B00021DDE90430020DDDF840B00343E0
:1049700018D044F61050A2F2FF3242431514119899
:1049800001281FD0A5EB0B00401C5FEA000A4FF086
:1049900000064E4FDFF83891B046504615D5CAF1A3
:1049A000000413E0119801244AA3012801D16FEA01
:1049B0000B010298119AC0E90031C0E9024206B029
:1049C000BDE8F09FCBF10000DFE704460021404A3C
:1049D000491842EB0450CDE9001012E0E00707D07F
:1049E00032463B4640464946FBF704FD8046894631
:1049F00032463B4610461946FBF7FCFC06460F467E
:104A00006410002CEAD1DDE90401DDE90023BAF1EC
:104A1000000F06DAFBF7EEFC42464B46FBF7EAFCDA
:104A200005E0FBF759FD42464B46FBF755FD0446B2
:104A30000E460022284BFBF7EBFF03D84FF0FF3068
:104A4000014607E00022254B20463146FBF709FFCF
:104A5000FBF7C5FF102409E0002C0ADB0A22002323
:104A6000FBF73AFE039B30321A55641E50EA0102EE
:104A7000F2D1641C039AC4F111031444119A012A5F
:104A800003D0012208430DD10AE0084304D00020DE
:104A90004FF0110B119072E7A3EB0B056D1E0DE0AB
:104AA0005B4504DD4FF0000205F1010504E003DA87
:104AB0004FF00002A5F10105002AECD002981199EF
:104AC000C0E90231C0E9004579E700000000144068
:104AD0000000F03F300000000000F0430000E03F25
:104AE0002DE9FF4F95B09B468946064600250FE20B
:104AF000252877D100242746F84A0121059400E0B3
:104B0000044316F8013F203B01FA03F01042F7D1AD
:104B100030782A2811D06FF02F033078A0F13002BE
:104B2000092A16D8059A44F0020402EB820203EB2C
:104B300042021044761C0590EFE759F8042B0592C9
:104B4000002A03DA504244F40054059044F0020471
:104B5000761C30782E2816D116F8010F44F0040484
:104B60002A280DD06FF02F023078A0F13003092BE6
:104B700009D807EB870302EB4303C718761CF3E75A
:104B800059F8047B761C30786C280FD006DC4C2852
:104B900017D068280DD06A2814D104E0742810D0EA
:104BA0007A280FD10DE044F400140AE044F4801494
:104BB00001E044F440147278824202D104F580147A
:104BC000761C761C307866280BD013DC582877D0FA
:104BD00009DC002875D04528F6D04628F4D04728AF
:104BE0001AD19DE118E0632835D0642879D0652872
:104BF00012D195E1702873D008DC6728F1D06928BC
:104C00006FD06E280DD06F2806D1B5E073282CD058
:104C1000752875D0782874D05A46179990476D1C1E
:104C200075E1C4F30250022809D003280DD0D9F849
:104C3000001004280DD00D6009F1040967E1D9F8CE
:104C40000010EA17C1E90052F6E7D9F800100D800C
:104C5000F2E70D70F0E719F8041B8DF80010002042
:104C60008DF80100EA46012003E059F804AB4FF04B
:104C7000FF3061074FF0000102D40DE008F101019F
:104C80008846B9420FDA8045F8DB1AF80810002987
:104C9000F4D108E008F1010188468142FADB1AF8F4
:104CA00008100029F6D105985B46A0EB08072146BD
:104CB0003846179A00F094FA284400EB080507E0FC
:104CC0004DE029E10DE01AF8010B5A46179990477B
:104CD000B8F10108F7D25B4621463846179A13E12E
:104CE00042E00A220092C4F302524FF0000A022A64
:104CF00008D059F804CB032A4FEAEC710AD00DE032
:104D000029E02AE009F1070121F00702F2E802C1D7
:104D1000914609E00FFA8CFC4FEAEC71042A03D1AA
:104D20004FFA8CFC4FEAEC71002907DA0A460021A1
:104D3000DCF1000C61EB02012D2202E0220504D51A
:104D40002B228DF80420012203E0E20701D020226B
:104D5000F7E7904659E00A2102E010220DE0102109
:104D60004FF0000A00910BE010224FF0000A44F0CF
:104D700004040827009203E008224FF0000A009282
:104D8000C4F30252022A05D059F804CB0021032AA9
:104D900008D009E009F1070121F00702F2E802C199
:104DA000914605E01FFA8CFC042A01D10CF0FF0C9F
:104DB0004FF00008220728D5702806D0009B83F00A
:104DC000100353EA0A0305D00EE040228DF80420B8
:104DD000012208E05CEA010206D030228DF80420AE
:104DE0008DF8050002229046009B83F0080353EAE9
:104DF0000A030AD15CEA010201D1620705D530221B
:104E00008DF804204FF001087F1E582804D034A0EC
:104E100003900EA802900DE036A0F9E753466046D5
:104E2000009AFBF759FC84460398825C0298401E66
:104E3000029002705CEA0100F0D1029806A9081AFB
:104E400000F1200A600702D524F4803400E0012735
:104E5000574502DDA7EB0A0000E0002000EB0A0145
:104E6000009005984144401A0590E00306D45B4643
:104E70002146179A059800F0B3F90544002706E08B
:104E800001A85A46C05D179990476D1C7F1C474585
:104E9000F6DBE0030CD55B462146179A059800F037
:104EA0009FF9054404E030205A46179990476D1C3D
:104EB0000099481E00900029F5DC08E0029802994C
:104EC0005A460078491C0291179990476D1CBAF117
:104ED0000001AAF1010AF1DC65E1000009280100E6
:104EE0003031323334353637383961626364656660
:104EF0000000000030313233343536373839414222
:104F0000434445460000000000F058F90544761C73
:104F1000307800287FF4ECAD19B02846BDE8F08F5A
:104F2000620700D4062709F1070222F0070CFCE80B
:104F30000223E14603F000485FEA080C02D00FF2BA
:104F4000702C0DE05FEA045C02D50FF2682C07E0DC
:104F50005FEAC47C02D00FF2602C01E0AFF2700C6B
:104F60004FF0FF3823F00043CDF850C065280CD037
:104F700006DC452809D046281DD047283DD13DE014
:104F8000662818D067287ED138E00021112F01DB78
:104F9000112000E0781CCDE9000106A90EA8FFF75A
:104FA000DDFCDDE90F010E9A03910021009207F16B
:104FB000010A04914DE04FF000400097CDE9011047
:104FC00006A90EA8FFF7CAFCDDE90F0203920E9BAB
:104FD00011990022DDF80CA00093049211B9791CFC
:104FE00000EB010AB7EB0A0004D4C0F1FF3007F16F
:104FF000010A0490AAEB0700019044E0012F00DAB7
:1050000001270021112F01DD112000E03846CDE9F4
:10501000000106A90EA8FFF7A1FCDDE90F010E9A19
:105020000391002104910092BA4621070CD4039900
:10503000514500DA8A46BAF1010F05DD009AAAF15E
:105040000101515C302908D0B84202DA10F1040F96
:1050500006DA0121CDE9011015E0AAF10101E9E725
:10506000002805DC049901440491AAEB000102E048
:10507000411C514500DD8A460499401A401C0190AC
:105080004FF000400290200704D40198504501DB06
:10509000CDF8048000208DF84F0002980DF14F07E5
:1050A000B0F1004F25D02B200E9002984FF002084F
:1050B00000280CDA404202902D200E9007E00A21D1
:1050C0000298FBF7F3FA3031029007F8011DB8F1AE
:1050D0000001A8F10108F2DC02980028EFD1791E46
:1050E0000E980870307800F0200040F0450007F876
:1050F000020D12A8C01B00F107081498007800B137
:10510000012000EB0A01019801EBE0710598414490
:10511000401A401E0590E00306D45B462146179ACC
:10512000059800F05DF805441498007818B15A46C7
:10513000179990476D1CE00324D55B462146179ACA
:10514000059800F04DF805441CE00498002807DBA2
:10515000DDE90301884203DD0098405C179901E016
:10516000179930205A469047049805F10105401CD4
:1051700004900198401E019004D12E205A461799A0
:1051800090476D1CBAF10001AAF1010ADDDC05E0CF
:1051900017F8010B5A46179990476D1CB8F100019A
:1051A000A8F10108F4DC5B462146179A0598ABE6A6
:1051B0002D0000002B000000200000002DE9F04130
:1051C000044600251E461746880404D405E03946E7
:1051D0002020B0476D1C641EF9D52846BDE8F0813B
:1051E0002DE9F041044600251E469046C80301D52E
:1051F000302700E02027880404D505E041463846E2
:10520000B0476D1C641EF9D52846BDE8F0810A68D8
:10521000531C0B60107070472DE9FE4F07460E4679
:105220000025684601F01AF800246FF00F0AE846DE
:105230004FF0010957F8240056F82410401A00D501
:105240004042FBF7B8F95146FBF7C8F858F824106C
:1052500011F0FF4F0ED0FBF783F84FF07E51FBF7B4
:1052600047F8B0F5000F01DA80F0004009498842A4
:1052700006DC08E00749494208440749884202D34E
:1052800009FA04F00543641C032CD3DB2846BDE86F
:10529000FE8F00009A99993E9A99D9002DE9F04D18
:1052A0008D4F21F0004A86B005460C46BA452ADBF0
:1052B000AAEB070028430AD08848824501DC1AD1AE
:1052C000CDB106B02846BDE8F04DFFF71EBB844ABD
:1052D000844B2846FBF78EF807460E46824A834BDE
:1052E00028462146FBF786F806B03A463346BDE825
:1052F000F04DFBF7B6BA0120FFF72AFB06B0BDE878
:10530000F04DFFF707BB7A48824542DABAF1795F80
:105310000BDA2846FFF780FA042808BFFFF700FBE6
:10532000284606B02146BDE8F08D2A460B461046B9
:10533000FBF760F8834602466E480E460B46062190
:105340007844FFF78DFA5A463346FBF753F8804608
:1053500069488A465A46334604217844FFF780FA62
:105360005A463346FBF746F800223B46FBF779FAEC
:1053700002460B4640465146FBF7AEF82A46234606
:10538000FBF738F806B02A462346BDE8F04DFBF798
:1053900068BA284624F0004100223D463B46FBF710
:1053A00004FB4FF0FF32FBF703FB0646024653486F
:1053B0000F460B4606217844FFF752FA32463B4629
:1053C000FBF718F8CDE900014D4832463B46042171
:1053D0007844FFF745FA32463B46FBF70BF80022CC
:1053E0002B46FBF73EFA834602913046394602F0DF
:1053F00009FD804643480D46504517DCDDE90001B4
:105400005A46029BFBF768F842462B46FAF7F2FF32
:1054100042462B46FBF725FA0122FBF7C9FA304A30
:10542000304BFBF7BFFA304A304B4CE04FF0000AEC
:1054300052460B464046FBF714FACDE9031052469C
:105440002B4610461946FAF7D5FF32463B46FBF786
:10545000ACFADDE90332FBF73FF806460F46DDE91B
:1054600000015A46029BFBF737F883460091012260
:1054700030463946FBF79CFA194A1A4BFBF795FA66
:1054800006460F46012240462946FBF791FA5A4646
:10549000009BFAF7AFFF32463B46FBF783FA06461E
:1054A0000F46012250462946FBF782FA0E4DDFF8DF
:1054B00058802A464346FBF778FA32463B46FBF7CC
:1054C00074FA2A464346FBF770FA002CD8BF81F0E5
:1054D000004106B0BDE8F08D0000F03F0000F07F15
:1054E000075C143326A6913C182D4454FB21F93F48
:1054F0000000E03F94550000AA5500001E55000032
:10550000345500003333EF3FFB21E93F2DE9F84FDD
:1055100004460D4621F0004000917349814211DCA0
:105520007249884201DC06D12CB120462946BDE8EB
:10553000F84FFFF7EAB96E48002DCCBF6D496E49B0
:10554000BDE8F88F6D49814211DD6D498142D8BFB8
:105550004FF0FF366DDD20462946FFF75DF9042840
:1055600008BFFFF7DDF920462946BDE8F88F6549F9
:10557000654F25F00045814233DD6449814219DDE4
:10558000002632464FF0804320462946FBF769F952
:1055900080468A46012220462946FBF709FA002266
:1055A0003B46FBF7FFF942465346FAF795FF0446A0
:1055B0000D463EE001260022BA463B4620462946DB
:1055C000FBF74FF980460F460022534620462946F6
:1055D000FBF7E8F942463B46FAF77EFF04460D46E4
:1055E00027E04B4981421BDDDFF828A1022600227B
:1055F000534620462946FAF7FDFE00223B46FBF7BC
:1056000030F980460F460022534620462946FBF7D4
:10561000C9F942463B46FAF75FFF04460D4608E0EB
:10562000032622462B4600203B49FAF755FF044645
:105630000D4622462B4610461946FAF7DBFE8B46EE
:10564000824602460B46FAF7D5FE07460246334825
:1056500088460B4606217844FFF702F952465B461E
:10566000FAF7C8FE82462E488B463A464346052145
:105670007844FFF7F5F83A464346FAF7BBFE024690
:105680000B46002E504659460CDAFBF7EAF8224644
:105690002B46FAF7AFFE01B022462B46BDE8F04F8D
:1056A000FBF783B9FBF7DDF822462B46FAF7A2FE9B
:1056B0001C4A7A4402EBC603D3E90023FBF772F9D4
:1056C00022462B46FBF76EF9174A7A4402EBC603D3
:1056D000D3E90023FBF769F9009A002AB8BF81F0EB
:1056E0000041BDE8F88F0000000010440000F07F8A
:1056F000182D4454FB21F93FFB21F9BF0000DC3F8A
:105700000000203E0000F33F0000F03F0000E63FB5
:10571000008003400000F83F0000F0BF3653000057
:10572000F4520000925200005A5200002DE9F04D50
:105730009446CCF1000423F000464CEA0404524F96
:1057400046EAD4749A46884621F00042BC4206D804
:10575000454240EA050442EAD474BC4204D9BDE89B
:10576000F04D6246FFF7D4B8AAF14055A5F17F6528
:1057700055EA0C040BD0022404EAAA74434DDFF866
:1057800010E144EAD87452EA000B04D00CE0BDE802
:10579000F04DFFF7BBBE002C14BF012CBDE8F08D0F
:1057A000022C30D0032C32D056EA0C0B0AD0BE4269
:1057B00020D1BA4209D126F0804622F080423346F9
:1057C000114617E000291ADB25E0DFF8C8B0FB44DA
:1057D000002C04BFDBE90001BDE8F08D012C02BF05
:1057E000DBE9000181F00041BDE8F08D022C0AD018
:1057F000032C0CD0BA4212D1B8F1000F0BDA2348B7
:105800002549BDE8F08D28462449BDE8F08D28469D
:105810007146BDE8F08D1D482149BDE8F08D921B11
:1058200012153C2AC4BF19481D490EDCBAF1000FFD
:10583000BEBF12F13C0F0020014606DB6246FAF7BC
:105840004BFE21F00041FFF761FE002C08BFBDE8D0
:10585000F08D012C04BF81F00041BDE8F08D114AAC
:10586000114B022C07D0FBF79DF82A46BDE8F04DFE
:105870000A4BFBF797B8FBF795F82A46BDE8F04DC1
:10588000064BFBF792B800000000F07F182D44543F
:10589000FB2109C0EE510000FB21F9BFFB210940AB
:1058A000FB21F93F075C143326A6A13C04E000BFAE
:1058B00011F8013B1844C0B2521ED2B2F8D2704760
:1058C00010B504460420FCF71BF90148046010BD24
:1058D0000400002070B5054600244FF47A7603E0FA
:1058E000304600F005F8641CAC42F9D370BD0000EE
:1058F00070B54FF0E024002265690949A369096881
:105900004843A1699942FCD002D2A3EB010302E013
:10591000A5EB010633441A440B468242F1D370BD15
:105920000400002008B560B120208DF80000282078
:105930008DF8010030208DF8020038208DF803002A
:1059400004E0A32204216846FAF761FC6A460421B8
:1059500040F69E2001F0F2FF01F01AFC08BD0000A5
:105960003EB5044602208DF80000CA208DF80100E3
:10597000E3208DF8020009208DF803006A46042117
:10598000682001F0DBFFA3208DF80000610609D537
:10599000C0218DF80110C8218DF80210C2218DF8A8
:1059A000031005E08DF801008DF802008DF803006A
:1059B00014F4C07F09D0C4218DF80410CC218DF8D7
:1059C0000510C6218DF8061005E08DF804008DF84D
:1059D00005008DF806008DF808008DF807008DF899
:1059E00009006A460A2140F6A72001F0A7FFA00798
:1059F0004FF0D80503D020208DF8000001E08DF88D
:105A000000506A46012140F6B62001F097FFA0063B
:105A100001D5012000E0002000F08EF814F4C07FD2
:105A20001ED0E0050AD5B2208DF800008B208DF83D
:105A30000100B6208DF802009B2009E0B0208DF80F
:105A4000000080208DF80100B4208DF80200902025
:105A50008DF803006A46042140F6A22001F06EFF93
:105A6000E1074FF40B6022D0F8218DF800106A4650
:105A7000012101F063FFFA21072000F03BFB072022
:105A800000F006FB012000F023FB642000F0C6FBC1
:105A90004FF4FA7000F0D2FBC821254800F0C0FA9C
:105AA000282000F0D5FA0A2000F0E2FA05E08DF88F
:105AB00000506A46012101F041FFA00703D5D9201B
:105AC0008DF8000001E08DF800506A46012140F297
:105AD0003D7001F033FF600701D5012000E0002098
:105AE00000F048F8E00601D5012000E00020FFF7B3
:105AF00019FF104D44F00800688101F049FB0020B7
:105B0000A873600601D50620A87314F4C07F02D0E4
:105B1000A87B801DA87314F0140F02D0A87B10304E
:105B2000A873A00702D0A87B001DA87300203EBD6B
:105B300009E3CA02F40A00200EB54FF4976310B1CE
:105B400006A107C901E008A207CA8DE807006A4656
:105B50000921184601F0F2FE0EBD0000B8AAB38D6F
:105B6000B4980D355D000000B8AAAAAAB088C3C5D4
:105B7000C700000008B560B1C0208DF80000C22049
:105B80008DF80100C4208DF80200C6208DF80300B6
:105B900004E08B2204216846FAF739FB6A460421A7
:105BA00040F6982001F0CAFE01F0F2FA08BD0000AC
:105BB000C8234FF48062024940F6F63001F094B9F0
:105BC000B49C00082DE9FF4F89B01746DDE9165255
:105BD00000244D4E884681462C80A246B07B694603
:105BE00001F040FA4FF0FF3B18B158460DB0BDE848
:105BF000F08F708910F0140F3CD0009909BA21F091
:105C0000FF039DF803100B433B6001991B1409BA75
:105C100021F0FF029DF807105B430A437A60029966
:105C20009DF80B4009BA21F0FF012143B960039CA4
:105C3000091424BA24F0FF0C9DF80F4012144CEA0A
:105C4000040CC7F80CC04FEA2C47494302FB023250
:105C500007FB071111441024A1F17061B1F1007F1D
:105C600004D901F095FAA5F800A0BEE7298841F40F
:105C7000807129804206694611D50A19A41D13882E
:105C80005BBAA8F8003053885BBAA8F80230928853
:105C900052BAA8F804202A8842F008022A8010F498
:105CA000C07F11D00A19A41D13885BBAA9F800306F
:105CB00053885BBAA9F80230928852BAA9F8042036
:105CC0002A8842F070022A80800716D00C44E078BF
:105CD00000F0C00500F03F016078C00706D0C8089A
:105CE00001F007013268491C02B190476078000753
:105CF00003D5716809B1A8098847FBF723F90C9906
:105D00000860002072E70000F40A00202DE9FF413E
:105D1000044603A800F070FFBDF80C00410CC3035B
:105D20002F48028902F00300550754F8200000D5DF
:105D30004042C2F3C105960654F8255000D56D4285
:105D4000C2F38116D20554F8264000D56442A0FB68
:105D50000367C21702FB037200FB0120820042EAC4
:105D60009670A5FB0367EA1702FB037205FB01228D
:105D7000950045EA9672A4FB0367E51705FB0373DC
:105D800004FB01318B0043EA9671030E8DF800305D
:105D9000030C8DF80130030A8DF802308DF80300F2
:105DA000100E8DF80400100C8DF80500100A8DF807
:105DB0000600080E8DF80800080C8DF80900080A86
:105DC0008DF80A008DF807208DF80B106A460C211B
:105DD0004FF4257001F0B2FD04B0BDE8F081000081
:105DE000F40A002030B5044613A285B007CA8DE836
:105DF00007004FF0FF35C82C16D8C820B0FBF4F1CF
:105E0000491E080A8DF80C008DF80D1003AA022116
:105E100040F2162001F092FD30B96A460C2140F69E
:105E2000C12001F08BFD10B1284605B030BD0548FA
:105E300084810020F9E70000FEF2ABC4AAF1DFDFA5
:105E4000BBAFDFDFF40A0020F8B53049098901F063
:105E5000030250F822404A0700D56442C1F3C10250
:105E60008B0650F8222000D55242C1F3811350F81E
:105E70002330C80500D55B42254984FB01408500DD
:105E800045EA947082FB0142A40F44EA820483FB3A
:105E90000121950F45EA8105010E8DF80010010CD6
:105EA0008DF80110010A8DF802108DF803006A4682
:105EB00004214FF4747001F041FD4FF0FF3688B9B2
:105EC000200E8DF80000200C8DF80100200A8DF8BE
:105ED00002008DF803406A4604214FF4757001F00A
:105EE0002DFD08B13046F8BD280E8DF80000280CB5
:105EF0008DF80100280A8DF802008DF803506A46DB
:105F000004214FF4767001F019FDF8BDF40A002069
:105F100009E3CA022DE9FF4104463CA004F0030353
:105F2000006802903AA0006803903AA006683AA080
:105F3000056802A8C15C8DF80010C4F3C101425C81
:105F40008DF80120C4F38112805C8DF8020003A853
:105F5000C35C8DF80430415C8DF80510805C8DF8D1
:105F600006006A46032140F2264001F0E7FC4FF0AC
:105F7000FF37E0BB01AA032140F22A4001F0DEFC1A
:105F8000A8BBCDE9006560070BD59DF8000040F087
:105F900001008DF800009DF8040040F001008DF82C
:105FA0000400A0060BD59DF8010040F001008DF81B
:105FB00001009DF8050040F001008DF80500E005A6
:105FC0000BD59DF8020040F001008DF802009DF80D
:105FD000060040F001008DF806006A4603214FF4E8
:105FE000886001F0ABFC10B901AA032100E004E0D5
:105FF00040F2314001F0A2FC18B1384604B0BDE8CF
:10600000F081064804810020F8E700004CCD6C00C8
:106010000CC92C003656760026466600F40A00208D
:106020004FF47A7290FBF2F008B54843010E8DF8F8
:106030000010010C8DF80110010A8DF802108DF886
:1060400003006A4604214FF4AE7001F077FC08BDEE
:106050000521B0FBF1F008B5010A8DF800108DF8AC
:1060600001006A4602214FF4AD7001F067FC08BDE3
:106070000521B0FBF1F008B5010A8DF800108DF88C
:1060800001006A4602214FF4AC7001F057FC08BDD4
:1060900008B500218DF80010C10702D030218DF81D
:1060A0000010810705D59DF8001041F00C018DF816
:1060B0000010400705D59DF8000040F003008DF862
:1060C00000006A4601214FF4A47001F037FC08BDBE
:1060D00008B560B1042800D90420401E8DF80000E6
:1060E0006A46012140F24F1001F028FC08BD012052
:1060F000F3E700002DE9FC41054640074FF0FF366D
:106100007CD0B1F5C86F79D80846FAF75DFA3E49F8
:10611000FAF726F9074601A800F050FD9DF80400A3
:10612000022806D004280DD008282ED0102865D1CA
:1061300034E00E213846FAF751F9FAF774FA84B2CE
:10614000324907E00D213846FAF748F9FAF76BFAB9
:106150002F4984B23846FAF7D1F8FAF764FA210ADF
:106160008DF8001080B28DF80140010A8DF8021000
:106170008DF80300E8076C4620D0224602214FF438
:10618000EA7001F0DBFBC8BB11E00C213846FAF7DE
:1061900025F9FAF748FA84B21E49DBE70B213846A5
:1061A000FAF71CF9FAF73FFA84B21B49D2E7A21CAE
:1061B00002214FF4927001F0C1FBF8B9A8070DD588
:1061C0006A4602214FF4EC7001F0B8FBB0B9A21C92
:1061D00002214FF4947001F0B1FB78B9680710D533
:1061E0006A4602214FF4EE7001F0A8FB30B9A21C00
:1061F00002214FF4967001F0A1FB10B13046BDE8CA
:10620000FC810020FBE700000000484300004046FE
:106210000000C045000040450000C0440521B0FB1F
:10622000F1F008B5010A8DF800108DF801006A46FA
:1062300002214FF4EF7001F081FB08BD0521B0FB96
:10624000F1F008B5010A8DF800108DF801006A46DA
:1062500002214FF4ED7001F071FB08BD2DE9F04310
:1062600085B006460222042104A88DE807002648CE
:1062700001230D22406801782448FAF72DFF18B158
:10628000072005B0BDE8F0839DF810101C2000EA3F
:10629000D1029DF81310DFF87890C1F301131A436F
:1062A0008DF80C209DF81120C1F3810300EAD20281
:1062B0001A438DF80D209DF8122001F0030100EA29
:1062C000D20008430024134F8DF80E00A04603AD02
:1062D000285D10B146F8249009E046F824800CE0CF
:1062E00056F824003946FAF709F846F82400285DE4
:1062F000401E10F0FF002855F2D1641CE4B2032CBC
:10630000E6D30020BDE7000090000020E800002058
:106310007B14AE3E1D5A843F2DE9F04F87B04FF0FD
:1063200002090DF10C0B4FF0010ACDE900B9F84E4E
:106330008DF80CA04FF0000805468DF80D80CDF8C3
:106340000890306817460C46427D706853460178C5
:10635000F048FAF7EFFF00287DD1C820FAF7D2FC09
:1063600000208DF80C00D046CDF800B0CDE90189B1
:106370003068DA460123427C70680178E548FAF714
:10638000D9FF0028E8D1C346CDF80890CDE900AB8D
:106390003068D0460123427970680178DD48FAF709
:1063A000C9FF0028D8D1DA46CDF80080CDE901A98F
:1063B0003068C3460123427D70680178D548FAF7FA
:1063C000B9FF0028C8D1C846D146CDF800B0CDE904
:1063D00001983068DA460123827E70680178CD48E2
:1063E000FAF7A8FF0028B7D1CDF800A0CDE90198B1
:1063F00031687068D3460A790178B2460123C548EE
:10640000FAF798FF0028A7D10C208DF80C00022085
:106410004E46CDF800B0CDE90160DAF80010DAF8A8
:106420000400D1460A7901780123BA48FAF782FFBD
:10643000002891D10F20FAF765FCD9F8281003AB9A
:106440004FF0020A497ACDE900368DF80C10B346B8
:10645000CDF808A000E0A0E0D9F80010D9F80400B9
:1064600001238A780178AB48FAF764FF002889D1C4
:10647000D9F828004E460DF10C09007ACDE9009BB1
:10648000D0468DF80C00CDF808803068DA4601233C
:106490004278706801789F48FAF74CFF00287CD159
:1064A000B06A807A0FB140F0E0008DF80C00CDF8B2
:1064B0000090CDE901A830680123827970680178E5
:1064C0009448FAF737FF002867D127B1B06AC07A3D
:1064D00040F0E00000E018208DF80C00CDF80090AE
:1064E000CDE901A830680123C27970680178894834
:1064F000FAF720FF002872D117B1C820FAF702FC82
:10650000CDE9009A4020C3468DF80C00CDF808B0C4
:1065100030685746C84602797068012301787D4883
:10652000FAF708FFC8BBCDE9008778208DF80C008A
:10653000CDF808B03068D9460123427970680178F7
:106540007448FAF7F7FE40BB3220FAF7DBFBCDE9DF
:1065500000874FF0000A8DF80CA0CDF80890306845
:1065600001234279706801786A48FAF7E3FEA0B91E
:1065700003A9CDE90019CDF8089031687068B046DC
:106580000A7B017801236348FAF7A6FD28B9BDF814
:106590000C004FF00C0B40BA00E020E0B0FBFBF029
:1065A000C5F808A0C5F804A0C5F800A0C4F808A064
:1065B000C4F804A0C6B20027C4F800A040E003AAB3
:1065C000CDE9002BCDF80890D8F80010D8F80400D9
:1065D00001234A7B01784F48FAF77EFD20B14FF046
:1065E000FF3007B0BDE8F08FBDF80E10BDF80C000D
:1065F00049BA40BA0AB2236800B2BDF81010184474
:106600002060606849BA10446060A06809B208441C
:10661000A060BDF812002B6840BA00B2BDF814109B
:10662000BDF816201844286049BA686809B20844C1
:10663000686052BAA86812B210447F1CFFB2A8600A
:10664000B742BCD328688322C117090441EA10412C
:1066500000040023F9F788FD32460023F9F784FD92
:10666000286068688322C117090441EA10410004C8
:106670000023F9F779FD32460023F9F775FD6860CC
:10668000A8688322C117090441EA104100040023CD
:10669000F9F76AFD32460023F9F766FDA860206825
:1066A0004FF40065C117090441EA104100042A466D
:1066B0000023F9F759FD32460023F9F755FD206014
:1066C00060682A46C117090441EA1041000400230A
:1066D000F9F74AFD32460023F9F746FD6060A068ED
:1066E0002A46C117090441EA104100040023F9F7C2
:1066F0003BFD32460023F9F737FDA060002802DD9C
:10670000A0F5803001E000F58030A060002068E74F
:1067100090000020E80000202DE9FF5F88468146B8
:1067200003AE022003210096CDE901102E4800257A
:10673000012340680D2201782C48FAF7CDFC18B1EE
:10674000072004B0BDE8F09F9DF80C00002400F085
:106750001F008DF80C009DF80D006FF00F0B00F07E
:106760001F008DF80D009DF80E004FF0010A00F09B
:106770001F008DF80E0000BF59F8241058F82400AF
:10678000081A00D54042F9F716FF5946F9F726FED8
:106790000746305DD8B1164802E01649F9F7AEFD5C
:1067A000315D491E11F0FF013155F6D101463846E1
:1067B000F9F7D6FD4FF07E51F9F79AFDB0F5000FCD
:1067C00001DA80F000400C49884205DC07E00B4804
:1067D0003844B0F1D97F02D90AFA04F00543641CA9
:1067E000032CC9DB2846ACE790000020E80000201D
:1067F0000000C84154E3853F9A99993E0000E0BEED
:1068000000B5024600F00DF80346D01C00F009F870
:1068100043EAC003901D00F004F843EA801080B200
:1068200000BD90F90010002902DD4FF00000704714
:1068300002DA4FF00400704790F90110002902DDE0
:106840004FF00100704702DA4FF00500704790F9F1
:106850000200002802DD4FF00200704702DA4FF01C
:10686000060070474FF0070070470000FAF73AFE45
:10687000FDF75EFD4820FFF723F8FDF70BF9FDF764
:10688000B1FAFDF79FF9FDF7DDF9FDF71BFAFDF70A
:106890004FFAFDF783FAFDF775F9FDF75DFB002070
:1068A000FDF7D4FA0020FDF7DDFA1B48FBF7D4F919
:1068B0003C211A48FBF79EFA3C211948FBF79AFA4B
:1068C00000211848FBF780FC04211648FBF77CFCEC
:1068D00000211548FBF778FC04211348FBF774FCF2
:1068E000FDF7CCFCFDF7EEFC10480068C16841F0F4
:1068F0002001C16001F0BAF901F058F800F00AF97E
:106900000028FBD1FDF76CF8094C00BF01F0BAF983
:106910002078FCF715FAF9E75C020020CC01002092
:10692000140200203C01002084010020A402002069
:106930000B0000202DE9F041124C20F00101002550
:1069400094F8240010B10020BDE8F081A07A4FF047
:10695000FF3668B10840277C2074884200D0354655
:1069600041B1012001F012FA00F012FC38B1277495
:106970003046E9E7207D00B1012001F007FA284602
:10698000E2E70000900000202DE9F74F8EB00CA93F
:106990000BA8CDE900010AAB02AA08A906A8FFF7D7
:1069A00011F918B1012011B0BDE8F08F0298F9F784
:1069B00002FE6FF01D042146F9F710FD8046039892
:1069C000F9F7F9FD2146F9F709FD81460498F9F731
:1069D000F2FD2146F9F702FD82460598F9F7EBFD35
:1069E0002146F9F7FBFC054601214046F9F7F6FC84
:1069F00006465146F9F782FC04464FF040414846AE
:106A0000F9F77CFC07462946F9F778FC2146F9F7A7
:106A10001DFCF9F71CFEFEF741FCDFF8F4B0002284
:106A20005B46F9F7E7FCF9F725FE0E9908600121AE
:106A30005046F9F7D3FC51460090F9F75FFC044645
:106A400038464946F9F75AFC2146F9F751FC4FF010
:106A50007E51F9F7FBFBF9F7FAFD07460C46304685
:106A60004946F9F74BFC064629460098F9F746FCDB
:106A70003146F9F7EBFBF9F7EAFD3A462346FEF714
:106A800055FE00225B46F9F7B5FCF9F7F3FD0F99C7
:106A9000086029460846F9F731FC07465146084682
:106AA000F9F72CFC064649460846F9F727FC044648
:106AB00041460846F9F722FC2146F9F7C7FB314663
:106AC000F9F716FC3946F9F713FCF9F7C0FD06464D
:106AD0000C4629464046F9F711FC05465146484602
:106AE000F9F70CFC2946F9F7B1FB0121F9F776FC1F
:106AF000F9F7ADFD32462346FEF718FE00225B464D
:106B0000F9F778FCF9F7B6FD1099086000204AE71C
:106B100000804C4010B50024FDF734F8204600F00A
:106B200039F908B10A2010BD782000F099FE10F064
:106B3000FF0F01D0012010BD7820FFF7FBFE10F001
:106B4000FF0F01D0022010BD642000F03FFE10F0C6
:106B5000FF0F01D0032010BDFFF72AF810F0FF0F40
:106B600001D0042010BD1448FFF74AFEFFF7D2F908
:106B700010F0FF0F01D0052010BD40F27310FEF79A
:106B8000EFFE10F0FF0F01D0062010BD6420FFF7CC
:106B900029F910F0FF0F01D0072010BD01F0B5F862
:106BA00008B1082010BD012000F010FD10F0FF001A
:106BB000F8D0092010BD0000BC0000200D494A7A21
:106BC00042B1012A08D0022A0FD0032A0FD04FF079
:106BD000FF307047022200E004220270C97C11B12C
:106BE0001106C90D0170002070470822F5E7102238
:106BF000F3E70000900000200F494A7A42B1012AD1
:106C000009D0022A11D0032A12D04FF0FF3070476A
:106C10004FF4804201E041F69C720280C97C11B1C0
:106C2000C2F34E010180002070474FF48052F4E718
:106C30004FF40062F1E70000900000200B49097A50
:106C400039B1012907D002290AD003290BD000212C
:106C500003E0FA2101E04FF4FA710180002070474F
:106C60004FF47A71F9E74FF4FA61F6E790000020EB
:106C70000A49097A41B1012908D002290AD0032919
:106C80000AD04FF0FF307047054900E00549016028
:106C9000002070470449FAE70449F8E79000002013
:106CA0000000034300008342333303423333834104
:106CB0000C49C97A072913D2DFE801F01204060A49
:106CC0000C0E1000BC2100E0622101800020704702
:106CD0002A21FAE71421F8E70A21F6E70521F4E76B
:106CE0000021F2E790000020054991F8242012B11C
:106CF0004FF0FF307047C9890180002070470000C5
:106D0000900000202DE9FF411F4C07460D46A07A58
:106D10004FF0FF3668B1022003A9CDE900100290C0
:106D200020680123027C606801781848FAF7D4F9DA
:106D300018B1304604B0BDE8F081BDF80C0040BA8F
:106D400006B215B1FAF7FEF828606468E088F9F732
:106D50003BFC0546B4F90800F9F72DFC0446304623
:106D6000F9F729FC2146F9F7C3FA2946F9F7F8FAA9
:106D70000749F9F76BFA1021F9F730FBF9F73AFCFC
:106D800038600020D6E7000090000020E8000020D6
:106D900000000C422DE9F04786B080208DF80C00F1
:106DA0000DF10C090227012648464D4C8DE8C10023
:106DB00020683346427D606801784A48FAF7BAFA9B
:106DC0004FF0FF3A002838D16420F9F79BFFCDE956
:106DD00000960025B8468DF80C50CDF80880206844
:106DE0004F460123427D606801783E48FAF7A2FAD7
:106DF00000286CD10621CDE90071CDF8088020680B
:106E00000123427E606801783648FAF765F9002868
:106E10005DD19DF811009DF80F10C007400F01F0E3
:106E2000010140EA41009DF80D1001F00101084305
:106E300004D0012835D0022814D048E0CDE90076EE
:106E4000CDF8088020680123C27860680178254861
:106E5000FAF742F9D8BB9DF80C0010F00F0036D0BD
:106E600004281ED0E574FF2004F80A0F4FF6FF71C6
:106E700004F8020C04F8010C6070A180A07120726B
:106E8000A67026766576E572A572E5602561656176
:106E9000A576E576A5834FF4FA6000F0DFFBB0B984
:106EA00001E0E674DFE7022000F0BEFA78B92A209C
:106EB00000F04CFC58B9322000F088FC38B90020B2
:106EC000FFF738FD18B9002000F0EAFA18B1504673
:106ED00006B0BDE8F087002000F0C2FC0020F7E714
:106EE00090000020E80000202DE9FF4FDFF89C8093
:106EF000064689B098F8250015460F464FF0FF3931
:106F0000D8BBD7B3002420E0301B102800DD1020B0
:106F100080B283463A1901469246204600F00EFDA3
:106F200058BB03AA5946204600F0FAF828BB504641
:106F30005A4603A9F9F77DF920B16FF001000DB0B1
:106F4000BDE8F08F04EB0B0084B2B442DCD3280A16
:106F50008DF81C00022007A9CDE900108DF81D5006
:106F60000290D8F8000044460123427FD8F804007C
:106F700001780748FAF7DEF908B14846DFE7012053
:106F800084F825000C98E0840020D8E790000020C9
:106F9000E80000202DE9FF5F06464FF0FF3B282860
:106FA0004DD800272D4C0DF10C094FF00708022594
:106FB0007EB1012000F090FB20208DF80C004FF0F6
:106FC000010A012E1AD0052E1BD88DF80DA0052020
:106FD00021E0002000F080FBCDE900958DF80C70D9
:106FE0008DF80D80029520680123427D606801784C
:106FF0001B48FAF79FF910BB27752CE08DF80D7030
:10700000E5E7142E03D88DF80D500A2003E0032085
:107010008DF80D00142000F099FB9DF80D10CDE9BE
:10702000009508EB81108DF80D0002952068012372
:10703000427D606801780A48FAF77CF918B1584631
:1070400004B0BDE8F09F0820A072277384F814A054
:107050000020FFF76FFC0020F2E700009000002006
:10706000E80000202DE9FF5F2B4C0746904694F87E
:1070700024008B464FF0FF3AB0B3A07AA0B30226AB
:107080000DF10C09CDE90096029620680123027BE0
:10709000606801782148FAF71FF828BBBDF80C009A
:1070A00045BABD4203D2002188F800102AE060688A
:1070B0004188B5EB510F18D90122CDF80090CDE9E8
:1070C000012621680123CA7C01781448FAF704F8E4
:1070D00050B99DF80C00C00607D500F059F86FF0C4
:1070E000010004B0BDE8F09F0CE0CDF800B0CDE9A0
:1070F000017620680123427B606801780748F9F730
:10710000EBFF08B15046ECE7B5FBF7F0401E88F8FE
:1071100000000020E5E7000090000020E8000020CB
:107120002DE9FF4115000E464FF0FF3728D0164CD1
:10713000A17A29B3010A8DF80C10C0B28DF80D00A8
:10714000616830444A8990421AD84FF0020803AA75
:10715000CDE90028CDF80880206809780123C27E97
:107160000A48FAF7E7F858B98DE86001206801236A
:10717000027E606801780548F9F7AEFF002800D06C
:10718000384604B0BDE8F08190000020E8000020FF
:107190002DE9FF47664C4FF0FF39A07A002872D0E6
:1071A00000270DF10C088DF80C70022601254046D1
:1071B0008DE8610020682B46427C606801785D485C
:1071C000FAF7B8F800285ED1CDF80080CDE9015675
:1071D0002168606801234A7901785648FAF7AAF8CD
:1071E000002850D1CDF80080CDE9015621686068B3
:1071F00001230A7901784F48FAF79CF8002842D118
:1072000094F82400F0B30C208DF80C00CDF8008029
:10721000CDE901562068012302796068017845486C
:10722000FAF788F800287FD1C0208DF80C00A07AEA
:10723000C00702D0E0208DF80C00CDF80080CDE929
:107240000156206801230279606801783948FAF70D
:1072500071F8002868D1607C10B18DF80C6001E0F5
:107260008DF80C70CDF80080CDE90156206801231F
:10727000427C606801782F48FAF75CF818B98DF8FD
:107280000C7001E005E04FE0CDF80080CDE901563B
:1072900040E004208DF80C00CDF80080CDE90156C7
:1072A000206801230279606801782248FAF742F8E1
:1072B000D0BBA07CA0B9A07AC00711D05FF060005D
:1072C0008DF80C00CDF80080CDE90156206801232F
:1072D0000279606801781748FAF72CF820BB01E0C2
:1072E0004020EDE7607C10B18DF80C5001E08DF886
:1072F0000C70CDF80080CDE9015620680123427C56
:10730000606801780B48FAF715F868B9084810303A
:107310008DE86100206801234279606801780548A2
:10732000FAF708F8002800D0484604B0BDE8F08716
:1073300090000020E80000202DE9F047394C8246FB
:107340008AB094F824000F4620B1002000F03EF9E6
:10735000012600E0002607A8FFF770FC06A8FFF74B
:107360002DFC09A8FFF7A4FC08A8FFF7BDFC94F8C2
:107370000A9094F810800025002239465046FEF706
:10738000CBFF10B16D1C022DF6DB022D1AD00025AB
:10739000012203A96846FEF7BFFF10B16D1C022D44
:1073A000F6DB022D0ED003A93846FDF735FFC7B234
:1073B00069465046FFF7B0F910F0FF0F4FF0000597
:1073C00002D002E0002503E001250FB945F00205D7
:1073D000FF2020726072E0724FF6FF71E181A072AF
:1073E000207401202073BDF81C0000F037F99DF8CF
:1073F000180000F019F8BDF8240000F0A7F9BDF856
:10740000200000F0E3F9484600F02AFA4046FFF772
:1074100091FA16B1012000F0D9F80AB02846BDE86B
:10742000F0870000900000207FB51B4C4FF0FF3527
:10743000A17A49B3022806D0042806D008280ED025
:10744000102821D10DE0002000E008208DF80C006C
:10745000607A9DF80C10B0EBD10F04D006E010203C
:10746000F4E71820F2E7002004B070BD02220121E9
:1074700003A88DE8070020680123C27960680178BD
:107480000648F9F757FF08B12846EDE79DF80C00CC
:10749000C0086072E7E7000090000020E8000020CC
:1074A0002DE9FF47474C0746A07CB84203D1002096
:1074B00004B0BDE8F08743484FF0FF3A0225D0E919
:1074C00000104FF0010803AEA7B30096CDE9018587
:1074D0000A79017801233C48F9F7FEFD00286CD1B8
:1074E0009DF80C00009620F020008DF80C00CDE9EE
:1074F0000185206801230279606801783248F9F734
:1075000019FFE8BB0320F9F7FDFB8DF80C5094F848
:10751000220010B182208DF80C0094F8230028B1CD
:107520009DF80C0040F030008DF80C000096CDE97D
:10753000018539E0FFE7CDE9006802950A79017815
:1075400001232148F9F7C8FDD0B9A07AC0079DF8FA
:107550000C0002D040F0200001E020F02000A946FD
:107560008DF80C0035468DE8200320680123027950
:10757000606801781448F9F7DDFE08B9032000E0DF
:107580001BE0F9F7BFFB94F8220000B180208DF8D2
:107590000C0094F8230028B19DF80C0040F0300056
:1075A0008DF80C008DE8200320680123C27D6068FF
:1075B00001780548F9F7BEFE08B1504678E7A77490
:1075C00075E7000090000020E80000202DE9FF4151
:1075D000204C94F82410814222D000260227012555
:1075E00028B394F82500F8B1002000F0CFFB00206C
:1075F000FFF756FFE08C00F0E9F88DF80C6003A867
:107600008DE8A10060680123232201781248F9F770
:1076100091FE84F82450012000F0B8FBFFF7B8FD7C
:10762000002004B0BDE8F0814FF0FF30F9E7002002
:1076300000F0ACFB207C8DF80C0003A88DE8A100C5
:1076400060680123232201780348F9F773FE84F868
:107650002460E3E790000020E80000207FB51C4C88
:107660004FF0FF35A17A61B3FA2809D0B0F5FA7F5F
:1076700008D0B0F57A7F0FD0B0F5FA6F21D10DE0C8
:10768000002000E008208DF80C00207A9DF80C10F6
:10769000B0EBD10F04D006E01020F4E71820F2E799
:1076A000002004B070BD0222012103A88DE807006C
:1076B000206801238279606801780648F9F73AFE6C
:1076C00008B12846EDE79DF80C00C0082072E7E7F6
:1076D00090000020E80000207FB51A4C054694F881
:1076E0002300A84202D1002004B070BD0DB13020AB
:1076F00000E000208DF80C00A07C28B19DF80C0063
:1077000040F002008DF80C0094F8220028B19DF89A
:107710000C0040F080008DF80C000222012103A82B
:107720008DE8070020680123C27D60680178064863
:10773000F9F700FE10B14FF0FF30D5E784F8235081
:10774000D1E7000090000020E80000207FB51D4C2C
:107750004FF0FF35A17A71B301210222BC2802D378
:107760008DF80C1013E0622802D38DF80C200EE087
:107770002A2801D3032008E0142801D3042004E0C0
:107780000A2801D3052000E006208DF80C00E07ADD
:107790009DF80C30984202D1002004B070BD03A8BF
:1077A0008DE8070020680123827860680178064828
:1077B000F9F7C0FD08B12846EFE79DF80C00E0722C
:1077C000EAE7000090000020E80000202DE9FF41DA
:1077D000214D04464FF0FF37A87A70B395F8240086
:1077E00058BB287D4FF47A7648B164B1282C03D871
:1077F000E0B2FFF7CFFB2DE00020FFF7CBFB042C1E
:1078000005D2042406E00020FFF7C4FBF9E7B442E8
:1078100000D93446B6FBF4F0401E8DF80C0002226D
:10782000012103A88DE807002868012342786868D1
:1078300001780A48F9F77EFD18B1384604B0BDE872
:10784000F0819DF80C00401CB6FBF0F0E881400888
:10785000FFF77CFF0020F1E790000020E800002007
:107860002DE9FF47054610F0700F4FF001074FF06C
:10787000000602D08DF80C7006E015B18DF80C6092
:1078800002E040208DF80C000DF10C094FF00208C9
:107890004946284C8DE8820120680123427D6068BA
:1078A00001782548F9F746FD4FF0FF3A80BB9DF877
:1078B0000C0020F0400020738DF80C60680602D4A4
:1078C00004208DF80C00A80605D49DF80C0040F0AB
:1078D00002008DF80C00E80605D49DF80C0040F07D
:1078E00001008DF80C00280705D49DF80C0040F02D
:1078F00038008DF80C00CDF80090CDE901782068B3
:107900000123827D606801780B48F9F713FD20B1EF
:10791000A672504604B0BDE8F08725B1082D02D00C
:107920000020FFF7D9FEA57226753220F9F7EAF993
:107930000020EFE790000020E80000202DE9FF4143
:1079400015000E464FF0FF3728D0164CA17A29B308
:10795000010A8DF80C10C0B28DF80D00616830443A
:107960004A8990421AD84FF0020803AACDE90028AC
:10797000CDF80880206809780123C27E0A48F9F70B
:10798000D9FC58B98DE8600120680123027E606847
:1079900001780548F9F7CEFC002800D0384604B03D
:1079A000BDE8F08190000020E800002030B52549B6
:1079B00000204FF07A52086048608860C860C86153
:1079C000C1E9042088614039214D08604860886021
:1079D000C860C1E906501D4C1B4BC1E9043460313D
:1079E000086048608860C860C861C1E90420886197
:1079F0004039184A086048608860C860C1E906508C
:107A0000C1E9043460319307086048608860C86049
:107A1000C861C1E90420886120310860486088603D
:107A2000C1E903030C4B4B614FF07E53C1E90630B3
:107A30002031086048608860C860C861C1E90420DE
:107A4000886130BDAC090020EC51F83F713D4A3FE0
:107A50003D0A973FCDCC8C3FCDCC4C3F2DE9F0413A
:107A6000DFF84C80054640460C46B8F80610C3883F
:107A700000680A19D8F800701844802A0AD9C1F1A0
:107A800080018EB232462946F8F7AFFBA21BA91936
:107A9000384601E022462946F8F7A7FB98F8061079
:107AA000214401F07F01A8F80610BDE8F081000034
:107AB000580A00202DE9F34F81B06A4D0020009054
:107AC0004FF0FF0AEB88AA882889802100F010F97E
:107AD00084B2092C6ED36889A94698BB8023002004
:107AE000B9F80470DFF880B1E51ED9F800602CE029
:107AF0003A18B2FBF3FC114603FB1C1216F802C045
:107B00004A1CB2FBF3F803FB1822B25C4CEA022CCD
:107B10008A1CB2FBF3F803FB1822B25C4FEA02485E
:107B2000CA1CB2FBF3F103FB1121715C48EA01614D
:107B30004CEA010CDC4506D13844B0FBF3F103FB01
:107B4000110006E017E0401C80B2A842D0DB4FF0E5
:107B5000FF3001B2002913DB0122A9F80A208AB202
:107B6000A9F80420B9F80630B9F80800802100F01F
:107B7000BFF809281EDBB9F808004D4658B11CE0D3
:107B8000E41E3819C21700EB526222F07F02801AFD
:107B9000A9F804000EE028792968421D801D02F032
:107BA0007F0200F07F008A5C085C42EA00202881A6
:107BB000A04202D95046BDE8FE8F82B2A8881118B3
:107BC000491E8029296801440CDDC0F18000C2B241
:107BD0000098FDF76BFE297A2A7911448139CAB2DF
:107BE000296802E0521ED2B20098FDF75FFEAB8812
:107BF0002A892E689C18611ECF1701EB576727F062
:107C00007F07C91B715C814227D1802C0DD9C3F13C
:107C1000800084B2F11822460198F8F7E6FA288924
:107C20002968021B0198204401E0F1180198F8F737
:107C3000DCFA02982989018028792A6800F1090173
:107C400001F07F0112F801A0297A084400F07F00BA
:107C5000A880002028816881ACE75B1C03F07F00CE
:107C6000F6E70000580A0020535A485904480021FA
:107C7000016141611830A0F10C01086000207047DB
:107C80004C0A002010B5A2B00020ADF88000441EC0
:107C900020A96846FFF70EFF13281ED006DC102827
:107CA000F6D0112809D0122804D111E0142819D0D7
:107CB0001528EDD022B0204610BD9DF80A00DDF851
:107CC0000B1040EA0120F8F776FC08490860DFE76E
:107CD000FCF7D4FAFCF7F6FADAE7FCF7BDFAFCF7A2
:107CE000DFFAD5E7F9F78EFCD2E700005C00002050
:107CF00010B504469A4201D8981A01E0881A18442F
:107D000080B2844200D9002010BD10B588B0694609
:107D100004A8FFF711FB032802D0012008B010BD12
:107D200007A8FEF7A5FF0498F8F745FC07990C464D
:107D3000F8F7E4FAF8F75EFC04900598F8F73BFCD6
:107D40002146F8F7DBFAF8F755FC05900698F8F7A6
:107D500032FC2146F8F7D2FAF8F74CFC069004A85A
:107D6000FEF772F803A8FEF747FFBDF80C00009974
:107D70004143009101994143019102994143684671
:107D80000291FDF7C3FF0020C8E700002DE9FF4185
:107D90001A4C0646214694F824C00027D1E9000178
:107DA0007D1E02220123BCF1000F0ED0B6B18DF86A
:107DB0000C2003AE0096CDE90132427C0978012304
:107DC0000F48F9F7B7FA78B912E094F80AC0BCF195
:107DD000000F09D016B1667C6EB902E08DF80C7008
:107DE000E7E78DF80C30E4E7284604B0BDE8F08101
:107DF0009DF80C0060740020F7E700009000002060
:107E0000E80000202DE9F04106460F46F8F74BFE4A
:107E1000041E0D4618BF0120284320F00040C0F189
:107E20007F6000F1E040C00F0ED0301C18BF012071
:107E3000384320F00040C0F17F6000F1E040C00F07
:107E400004BF0120FCF784FD20462946BDE8F081EF
:107E50000000000000000000002F000000000700EC
:107E6000070000147F147F1400242A7F2A12006266
:107E70006408132300364955225000000503000012
:107E800000001C224100000041221C000014083E9A
:107E900008140008083E0808000000A06000000860
:107EA00008080808000060600000002010080402B4
:107EB000003E5149453E0000427F40000042615172
:107EC0004946002141454B31001814127F1000270C
:107ED00045454539003C4A494930000171090503CF
:107EE00000364949493600064949291E0000363600
:107EF0000000000056360000000814224100001463
:107F0000141414140000412214080002015109063F
:107F100000324959513E007C1211127C007F4949C0
:107F20004936003E41414122007F4141221C007FF1
:107F300049494941007F09090901003E4149497AFF
:107F4000007F0808087F0000417F41000020404179
:107F50003F01007F08142241007F40404040007FE5
:107F6000020C027F007F0408107F003E4141413E29
:107F7000007F09090906003E4151215E007F091971
:107F800029460046494949310001017F0101003F6E
:107F90004040403F001F2040201F003F4038403FEE
:107FA0000063140814630007087008070061514952
:107FB000454300007F41410000552A552A550000E5
:107FC00041417F0000040201020400404040404063
:107FD000000001020400002054545478007F4844FB
:107FE000443800384444442000384444487F003832
:107FF0005454541800087E0901020018A4A4A47C5B
:10800000007F080404780000447D40000040808424
:108010007D00007F102844000000417F4000007C6C
:1080200004180478007C0804047800384444443878
:1080300000FC242424180018242418FC007C0804C4
:10804000040800485454542000043F444020003C9D
:108050004040207C001C2040201C003C4030403C24
:10806000004428102844001CA0A0A07C00446454B4
:108070004C441414141414140000000000000000F8
:10808000000000000000FC000000000002000000F2
:10809000000C020C020000000000000090D0BCD0D8
:1080A000BC900003000300001824FE448C0003026F
:1080B000070201001824D8B04C800003000102011F
:1080C000C038E438E00001020201020208060000A4
:1080D0000000000000000000000000F804020000A2
:1080E00000010204000204F8000000040201000084
:1080F0009060F86090000000010000002020FC204B
:108100002000000001000000000000000000080640
:1081100000000000202020202000000000000000BF
:108120000000000000000002000000000080601C51
:108130000200040300000000F8040404F800010237
:10814000020201000008FC0000000002030200001F
:1081500018844424180003020202020008042424A4
:10816000D80001020202010040B088FC800000003B
:10817000000302003C242424C40001020202010086
:10818000F824242CC0000102020201000C04E41CAB
:108190000400000003000000D8242424D8000102B9
:1081A0000202010038444444F800000302020100C6
:1081B000000010000000000002000000000020008D
:1081C00000000000060000000020508804020000AB
:1081D00000000102909090909000000000000000CC
:1081E0000002048850200002010000001804C4248A
:1081F0001800000002000000F804E494F8000102F6
:108200000202020000E09CF0800002030000030272
:1082100004FC2424D800020302020100F804040430
:108220000C0001020202010004FC0404F800020335
:108230000202010004FC24740C0002030202030089
:1082400004FC24740C00020302000000F008044443
:10825000CC4000010202010004FC2020FC040203C7
:10826000000003020404FC040400020203020200F2
:10827000000404FC040406040403000004FC24D0ED
:108280000C0402030200030204FC040000000203C9
:1082900002020203FC3CC03CFC000300030003009C
:1082A00004FC30C4FC04020302000300F8040404CC
:1082B000F80001020202010004FC24241800020359
:1082C00002000000F8848404F8000102020705009F
:1082D00004FC2464980002030200030218242444CE
:1082E0008C000302020201000C04FC040C000002DA
:1082F0000302000004FC0000FC0400010202010073
:10830000047C80E01C040000030000001CE03CE052
:108310001C00000300030000049C609C0400020396
:1083200000030200041CE01C040000020302000021
:108330000C84641C04000203020203000000FE021D
:108340000200000007040400000E30C0000000001E
:1083500000010200000202FE000000040407000009
:108360000004020400000000000000000000000003
:1083700000000808080808080000020000000000CB
:10838000000000000040A0A0C000000102020302A3
:1083900004FC2020C00000030202010000C02020D5
:1083A000600000010202020000C02024FC00000165
:1083B0000202030200C0A0A0C000000102020200ED
:1083C0000020F82424040002030202000040A0A0C0
:1083D000602000070A0A0A0404FC2020C0000203EF
:1083E000020003020020E40000000002030200007B
:1083F000000020E4000008080807000004FC80E0FA
:1084000020200203020003020404FC000000020218
:1084100003020200E020E020C0000300030003008C
:1084200020E02020C00002030200030200C0202040
:10843000C00000010202010020E02020C000080F5F
:108440000A02010000C02020E0000001020A0F081B
:1084500020E0402020000203020000000060A0A0F5
:1084600020000002020203000020F82000000000AB
:108470000102020020E00020E000000102020302ED
:1084800020E0208060200000030100006080E08088
:1084900060000003000300002060806020000203F1
:1084A0000003020020E0208060200808070100008F
:1084B0000020A0602000000203020200000020DE75
:1084C0000200000000070400000000FF00000000A0
:1084D000000F00000002DE20000000040700000082
:1084E000020102040402000000000000000000007D
:1084F000000000000000000000000000000000F884
:1085000000000000000000333000000000100C06E6
:10851000100C0600000000000000000040C0784081
:10852000C0784000043F04043F040400007088FC4D
:1085300008300000001820FF211E0000F008F000A5
:10854000E018000000211C031E211E0000F0088816
:10855000700000001E2123241927211010160E0080
:10856000000000000000000000000000000000E02B
:108570001804020000000007182040000002041840
:10858000E00000000040201807000000404080F09C
:10859000804040000202010F01020200000000F0D2
:1085A000000000000101011F0101010000000000A6
:1085B0000000000080B0700000000000000000001B
:1085C00000000000000101010101010100000000A4
:1085D000000000000030300000000000000000003B
:1085E00080601804006018060100000000E0100818
:1085F0000810E000000F102020100F00001010F8ED
:10860000000000000020203F20200000007008082B
:1086100008887000003028242221300000300888AB
:10862000884830000018202020110E000000C020D3
:1086300010F8000000070424243F240000F80888F4
:10864000880808000019212020110E0000E0108881
:1086500088180000000F112020110E0000380808B3
:10866000C83808000000003F0000000000708808C3
:1086700008887000001C222121221C0000E0100844
:108680000810E0000000312222110F00000000C09D
:10869000C00000000000003030000000000000803A
:1086A000000000000000806000000000000080402A
:1086B0002010080000010204081020004040404043
:1086C0004040400004040404040404000008102096
:1086D00040800000002010080402010000704808DB
:1086E0000808F0000000003036010000C030C82843
:1086F000E810E0000718272423140B000000C038FE
:10870000E0000000203C23020227382008F8888877
:1087100088700000203F202020110E00C030080883
:1087200008083800071820202010080008F808085A
:108730000810E000203F202020100F0008F8888853
:10874000E8081000203F20202320180008F888881F
:10875000E8081000203F200003000000C030080897
:108760000838000007182020221E020008F8080020
:108770000008F808203F210101213F20000808F8E7
:10878000080800000020203F20200000000008080A
:10879000F8080800C08080807F00000008F888C0CA
:1087A00028180800203F20012638200008F808007B
:1087B00000000000203F20202020300008F8F800B2
:1087C000F8F80800203F003F003F200008F830C0C4
:1087D0000008F808203F200007183F00E0100808B4
:1087E0000810E0000F10202020100F0008F80808E3
:1087F0000808F000203F210101010000E0100808F6
:108800000810E0000F18242438504F0008F888881A
:1088100088887000203F2000030C302000708808FA
:10882000080838000038202121221C00180808F808
:10883000080818000000203F2000000008F8080089
:108840000008F808001F202020201F00087888005A
:1088500000C83808000007380E010000F80800F8CA
:108860000008F800033C0700073C03000818688074
:108870008068180820302C03032C30200838C800EA
:10888000C83808000000203F200000001008080839
:10889000C83808002038262120201800000000FEDB
:1088A000020202000000007F40404000000C30C087
:1088B00000000000000000010638C00000020202B3
:1088C000FE000000004040407F0000000000040265
:1088D0000202040000000000000000000000000090
:1088E0000000000080808080808080800002020480
:1088F0000000000000000000000000000000808078
:10890000808000000019242222223F2008F80080E5
:1089100080000000003F112020110E0000000080A8
:1089200080800000000E1120202011000000008037
:108930008088F800000E112020103F200000808069
:1089400080800000001F222222221300008080F07D
:10895000888888180020203F2020000000008080A8
:1089600080808000006B94949493600008F80080ED
:1089700080800000203F210000203F200080989848
:10898000000000000020203F2020000000000080A8
:108990009898000000C08080807F000008F80000E8
:1089A00080808000203F24022D302000000808F83D
:1089B000000000000020203F2020000080808080F8
:1089C00080808000203F20003F20003F808000808A
:1089D00080800000203F210000203F200000808098
:1089E00080800000001F202020201F008080008049
:1089F0008000000080FFA12020110E0000000080F8
:108A000080808000000E112020A0FF8080808000E8
:108A10008080800020203F21200001000000808015
:108A2000808080000033242424241900008080E00A
:108A3000808000000000001F2020000080800000D7
:108A400000808000001F202020103F2080808000B8
:108A50000080808000010E300806010080800080C8
:108A6000008080800F300C030C300F0000808000ED
:108A7000808080000020312E0E3120008080800018
:108A80000080808080818E701806010000808080C8
:108A9000808080000021302C222130000000000066
:108AA000807C020200000000003F40400000000007
:108AB000FF00000000000000FF0000000002027C38
:108AC000800000000040403F00000000000601015F
:108AD000020204040000000000000000000000008A
:108AE0000000000000000000000000000000000086
:108AF0000000000000000000000000000000000076
:108B00000000000000F0F0F0000000000000000095
:108B100000017F010000000000000000001C1C1C80
:108B20000000000000008060301C8C60301C0C00D5
:108B30000000000000000000000000000000000035
:108B40000000000000000000000000E00000000045
:108B500000E000000086E69F86868686E69F860007
:108B600000011F01010101011F010100000080C07F
:108B70006020F820E0C00000000003070C18FF7020
:108B8000E18100000000070F10107F100F070000A8
:108B90008060206080000000E02000000F30203066
:108BA0009F70DC371030C0000000100E0300071863
:108BB000101807000000C02020E0C00000000000E6
:108BC00080E01F38E88703C43C040000070F18103A
:108BD000100B070D1010080000808C4C38000000AE
:108BE0000000000000000000000000000000000085
:108BF0000000000000000000000000000000000075
:108C0000000080E0300804000000000000FEFF01CA
:108C100000000000000000000000030F18204000CA
:108C200000040830E08000000000000000000000A8
:108C300001FFFE0000000000004020180F030000AC
:108C400000000000000000000000C0000000000064
:108C5000004266663C18FF183C6666420000000051
:108C60000000030000000000000000000000800081
:108C700000000000001010101010FF101010101055
:108C800000000000000003000000000000000000E1
:108C900000000000000000000000000000000000D4
:108CA0000000000000808C4C380000000000000034
:108CB0000000000000000000000000000010101084
:108CC0001010101010101000000000000000000034
:108CD0000000000000000000000000000000000094
:108CE00000000000000000000000000000001C1C4C
:108CF0001C00000000000000000000000000000058
:108D0000E0380C000000000080701C030000000030
:108D10000060380E0100000000000000000080C06C
:108D200060202060C080000000FEFF010000000005
:108D300001FFFE000001070E181010180E070100B9
:108D40000000808080C0E000000000000000000003
:108D500000FFFF000000000000001010101F1F1097
:108D6000101000000080402020202060C080000003
:108D700000030300804020381F070000001C1A1960
:108D800018181818181F00000080C020202060C08C
:108D900080000000000303001010182FE78000007F
:108DA00000070F10101010180F070000000000003F
:108DB0000000C0E0F000000000C0B088868180FFA5
:108DC000FF808000000000000010101F1F10100026
:108DD0000000E060606060606060000000003F10C4
:108DE00008080818F0E0000000070B101010101C15
:108DF0000F030000000080C040202020E0C00000E1
:108E000000FCFF211008080818F0E0000001070C22
:108E100018101010080F03000000C0E060606060D0
:108E200060E06000000003000000E01807000000A0
:108E300000000000001F1F00000000000080C06054
:108E40002020202060C080000087EF2C18183030D0
:108E500068CF830000070F0810101010180F0700CC
:108E60000000C0C020202020C0800000001F3F6004
:108E70004040402010FFFE0000000C1C10101008A5
:108E80000F030000000000000000000000000000D0
:108E900000000000000E0E0E0000000000000000A8
:108EA000001C1C1C0000000000000000000000006E
:108EB0000000000000000000000C0C00000000009A
:108EC0000000000000583800000000000000000012
:108ED00000000080402010000000102844820100A3
:108EE0000000000000000000000001020408100063
:108EF00000000000000000000000000000848484E6
:108F000084848484848484000000000000000000C5
:108F10000000000000001020408000000000000061
:108F2000000000000000018244281000000010082A
:108F3000040201000000000000C0202010101010EA
:108F400030E0C0000003030000F010080C0703002D
:108F5000000000001C1C1C0000000000000000C0FD
:108F6000406020202040C00000FCFF01F00E03C143
:108F7000FE03807F0001070E081111101109040281
:108F80000000000080E0E000000000000000807CA5
:108F90004340477FF880000010181F1000000000B9
:108FA000131F1C1020E0E02020202060C080000063
:108FB00000FFFF10101010182FE78000101F1F1067
:108FC00010101010180F0700000080C04020202053
:108FD0002060E00000FCFF01000000000000010034
:108FE0000001070E181010100804030020E0E02014
:108FF00020202040C080000000FFFF000000000093
:1090000001FFFE00101F1F10101018080E070100AE
:1090100020E0E020202020202060800000FFFF10C2
:109020001010107C00000000101F1F1010101010F6
:109030001018060020E0E020202020206060800042
:1090400000FFFF101010107C00000100101F1F1007
:109050000000000000000000000080C06020202010
:1090600040E0000000FCFF0100004040C0C1404063
:109070000001070E181010100F0F000020E0E02074
:109080000000000020E0E02000FFFF101010101092
:1090900010FFFF00101F1F1000000000101F1F1006
:1090A0000000202020E0E020202000000000000040
:1090B00000FFFF000000000000001010101F1F1034
:1090C0001010000000000000202020E0E020202000
:1090D00000000000000000FFFF0000000060E080D2
:1090E0008080C07F3F00000020E0E020000020A042
:1090F0006020200000FFFF30187CE3C0000000006B
:10910000101F1F10000001131F1C181020E0E0208A
:10911000000000000000000000FFFF000000000051
:1091200000000000101F1F10101010101018060073
:1091300020E0E0E000000000E0E0E02000FF013F70
:10914000FEC0E01E01FFFF00101F1000031F030000
:10915000101F1F1020E0E0C0000000000020E020F1
:1091600000FF0003071C78E08000FF00101F1000C4
:1091700000000000030F1F00000080C0602020607E
:10918000C080000000FEFF010000000000FFFE00A4
:109190000001070E181010180C07010020E0E02055
:1091A0002020202060C0800000FFFF202020202001
:1091B000301F0F00101F1F100000000000000000F3
:1091C000000080C060202060C080000000FEFF0121
:1091D0000000000000FFFE000001070E1111133C0B
:1091E0007C67210020E0E0202020202060C080005B
:1091F00000FFFF101030F0D0080F0700101F1F10E5
:10920000000000030F1C10100080C06020202020F0
:109210004040E00000070F0C1818303060E081007B
:10922000001F0C0810101010180F0700806020207D
:1092300020E0E020202060800100000000FFFF000F
:109240000000000100000000101F1F1000000000BF
:1092500020E0E020000000000020E02000FFFF00F0
:10926000000000000000FF0000070F181010101091
:10927000100807002060E0E02000000020E06020EF
:109280000000077FF88000807C03000000000000E1
:10929000071F1C070000000020E0E02000E0E020A5
:1092A0000020E0200007FFF8E01FFFFCE01F0000A7
:1092B0000000031F0300011F03000000002060E006
:1092C000A0000020E0602000000000038F7CF8C6B2
:1092D000010000000010181E130001171F181000D5
:1092E0002060E0E02000000020E060200000010796
:1092F0003EF8E0180700000000000010101F1F10CB
:109300001000000000806020202020A0E0E020006D
:1093100000000000C0F03E0F0300000000101C1F02
:1093200017101010101806000000000000FC0404C4
:10933000040404000000000000FF00000000000022
:1093400000000000007F404040404000000010E06E
:10935000000000000000000000000000031C60800E
:109360000000000000000000000000030C708000FE
:1093700000000404040404FC0000000000000000DD
:10938000000000FF00000000000040404040407F1F
:109390000000000000000010080C040C0810000081
:1093A00000000000000000000000000000000000BD
:1093B00000000000000000000000000000000000AD
:1093C000000000000000000000000000000000009D
:1093D0008080808080808080808080800000000489
:1093E0000408080000000000000000000000000069
:1093F000000000000000000000000000000000006D
:10940000000000000000000000000000000098D8EC
:1094100044642424FCF80000000F1F1810101008EA
:109420001F1F10180020E0F00000000000000000E6
:109430000000FFFF180804040CF8F00000001F0FE4
:1094400018101010180F03000000000000000000AA
:109450000000000000E0F8180404043C380000009C
:1094600000030F0C10101010080600000000000090
:1094700000000020E0F0000000E0F81C04040408F4
:10948000FFFF000000030F18101010081F0F080046
:109490000000000000000000000000000000E0F8F4
:1094A000484444444C7870000000030F0C1810101E
:1094B000100804000000000080C0602020E0C00010
:1094C00000040404FFFF0404040400000000101062
:1094D0001F1F10101000000000000000000000001E
:1094E00000000000000070F88C04048CF874040C78
:1094F000007076CF8D8D8D89C87870000020E0F0E7
:1095000000000000000000000000FFFF0804040449
:10951000FCF8000000101F1F100000101F1F10009B
:109520000000000000606000000000000000040473
:1095300004FCFC000000000000001010101F1F10B1
:10954000101000000000000000000060600000003B
:1095500000000000040404FCFC0000000000C0C087
:109560008080C07F3F0000000020E0F0000000008D
:10957000000000000000FFFF80C0F41C0404000095
:1095800000101F1F1100031F1C10100000002020DE
:1095900020E0F000000000000000000000FFFF00DD
:1095A0000000000000001010101F1F10101000001D
:1095B00000000000000000000000000004FCFC08A7
:1095C00004FCFC0804FCFC00101F1F10001F1F10EF
:1095D000001F1F100000000000000000000000003D
:1095E0000004FCFC08080404FCF8000000101F1F25
:1095F000100000101F1F10000000000000000000FD
:109600000000000000E0F0180C04040C18F0E0006A
:1096100000030F0C101010100C0F030000000000CE
:1096200000000000000000000004FCFC080404042A
:109630000CF8F0000080FFFF889010101C0F030052
:1096400000000000000000000000000000E0F81C26
:1096500004040408F8FC000000030F1810109088A0
:10966000FFFF80000000000000000000000000007C
:10967000040404FCFC100804040C0C001010101F5F
:109680001F1010100000000000000000000000008B
:109690000000000000003078CCC48484840C1C00DE
:1096A00000001E1810101011190F06000000000015
:1096B00000C000000000000000040404FFFF0404D8
:1096C00004000000000000000F1F1010100C00002C
:1096D0000000000000000000000000000004FCFE8C
:1096E00000000004FCFE000000000F1F181010080E
:1096F0001F0F080000000000000000000000000034
:1097000000040C3CFCC40000C43C0C04000000003D
:10971000010F1E0E0100000000000000000000000C
:1097200000000000043CFCC400E47CFC84807C0459
:109730000000071F070000071F07000000000000CF
:1097400000000000000000000004041C7CE4C034A1
:109750001C0404000010101C1601131F1C1810001C
:1097600000000000000000000000000000040C3CAD
:10977000FCC400C43C0404000000C080C1370E01DA
:1097800000000000000000000000000000000000D9
:1097900000001C0404C4F47C1C0400000000101C25
:1097A0001F17111010180E0000000000000000F834
:1097B0000C04000000000000001028EF0000000072
:1097C000000000000000003F6040000000000000BA
:1097D0000000FF0000000000000000000000FF008B
:1097E00000000000000000000000FF00000000007A
:1097F0000000040CF8000000000000000000000061
:10980000EF28100000000000000040603F00000052
:109810000000000000180602020408102020300892
:109820000000000000000000000000000000000038
:1098300000000000000000000000F010101010FFF9
:1098400010101010F000000000000F04040404FFCA
:10985000040404040F0000004040405F5555557556
:109860005555555F404040000040200F0949897917
:109870000909090F2040000000FE02424ACA4A4A74
:10988000CA4A4A4202FE000000FF40504C4340409A
:109890004F50505C40FF00000000F888888888FF27
:1098A00088888888F800000000001F080808087FE2
:1098B000888888889F80F00080828282828282E20B
:1098C000A2928A8682808000000000000040807F93
:1098D0000000000000000000101010FF1090088829
:1098E0008888FF88888808000444827F018080403F
:1098F000432C1028468180000010101010D030FF3B
:1099000030D0121C1010000010080402010000FFEB
:10991000000001020408100004040484E43C27242D
:10992000242424E40404040004020100FF090909BA
:109930000949897F0000000000FE225A8600FE923D
:1099400092929292FE00000000FF04080700FF4080
:1099500020030C14224140000080402018068000A3
:1099600007182040800000000100207028262120D8
:10997000202438600001010000101292929292920D
:1099800092121202FE0000000000003F10101010A2
:109990003F0040807F000000000000C08080808089
:1099A000808080FC84808080808080C0C000000037
:1099B000000000FF7F404040404040FF40404040AA
:1099C000404040FF7F000000000000000000000059
:1099D0000000007F70000000000000000000000098
:1099E000000000000000000000000000000000FC7B
:1099F000F80000000000000000000000000000006F
:109A000000000000FFFE020202020202020202FF48
:109A1000FF020202020202020202FF030000000033
:109A2000000000001F1F040404040404040404FFD5
:109A3000FF0404040404040404041F0000000000E4
:109A40000000000000000000000000000000007F97
:109A50003F000000000000000000000000000000C7
:109A600000000000000000000000000000000000F6
:109A700000000000000000000000000000F8F8F006
:109A8000F070200000000000000000000000000056
:109A900000000000000000000000000000000000C6
:109AA0000000000000000000800000000000000036
:109AB00000000000000000000000000000FFFFFFA9
:109AC000FF00000000000000000000000000000097
:109AD0000000000080800000000000000000000086
:109AE000000000000000000000FFFFFE0606060662
:109AF00006060606060606060606060606FFFFFF1B
:109B0000FF060606060606060606060606060606FC
:109B1000060606FFFFFFFF0702000000000000002E
:109B2000000000000000000000FFFFFF0000000038
:109B300000000000000000000000000000FFFFFF28
:109B4000FF00000000000000000000000000000016
:109B5000000000FFFFFFFF00000000000000000009
:109B6000000000000000000000FFFFFF1818181898
:109B700018181818181818181818181818FFFFFFB0
:109B8000FF1818181818181818181818181818186E
:109B9000181818FFFFFFFF00000000000000000081
:109BA00000000000000000000201010000000000B1
:109BB00000000000000000000000000000FFFFFFA8
:109BC000FF00000000000000000000000000000096
:109BD0000000000101000000000000000000000083
:109BE0000000000000000000000000000000000075
:109BF00000000000000000000000000000FFFFFF68
:109C0000FF00000000000000000000000000000055
:109C10000000000000000000000000000000000044
:109C20000000000000000000000000000000000034
:109C3000000000000000000000000000001F1F0FD7
:109C40000F00000000000000000000000000000005
:109C50000000000000000000000000000000000004
:109C600075191A0C6A231B1C00001F207274433BD9
:109C70004138393A006B6C376F06246D6E70D00036
:109C8000000476005401F7FD00010000830000008D
:109C9000000800000001001832000500000020410B
:109CA0000000D2429A99993E9A99993E3333733F74
:109CB0009A99993E00007000000000240000000204
:109CC0000003000000650054FFEF0000FA80000B65
:109CD00012820001030C30C30E8C8CE914D54002B3
:109CE00013710F8E3883F8833000F883258EF88344
:109CF0003000F883FFFFFFFF0FFEA9D62400040009
:109D00001A8279A10000003CFFFF00000010000053
:109D100038836FA2003E03304000000002CAE3090E
:109D20003E80000020000000000000004000000015
:109D300060000000000C0000000C186E000006928D
:109D40000A16C0DFFFFF0256FD8CD377FFE1C496F1
:109D5000E0C5BEAA00000000FFFF0B2B0000165755
:109D6000000003594000000000001DFA00026C1DB5
:109D7000000000003FFFDFEB003EB3B6000D22788D
:109D800000002F3C00000000001942B5000039A27D
:109D90000000B365D90E9FC91DCF4C3430000000C0
:109DA000500000003BB67AE80064000000C80000E4
:109DB00000000000100000001000FA921000225E67
:109DC000000D229F0001000000320000FF4600004D
:109DD00063D400001000000004D6000004CC000092
:109DE00004CC0000000010720000004000000000E1
:109DF000000000000006000200050007000000004F
:109E00000064000000000000000000050005006480
:109E100000200000000000000000000000004000E2
:109E20000000030000000032F8980000FF65000009
:109E3000830F0000FF9BFC000000000000000000FA
:109E40000000000000000000000000000000000012
:109E50000000000000000000000000000000000002
:109E60000000100040000000000000060000B26A80
:109E7000000200000001FB830068000000D9FC0024
:109E80007CF1FF830000000000650000006403E82F
:109E900000640028000000250000000016A000005B
:109EA0000000100000001000002F0000000001F46E
:109EB0000000100000280000FFFF4581FFFFFA723C
:109EC0000000000000000000004400050005BAC6C4
:109ED000004778A20000000100000000000006001A
:109EE000000000140000254D002F706D000005AE2D
:109EF000000C02D000000000000000000000000084
:109F000000000000001B0000000000000000000036
:109F100000000000006400000008000000000000D5
:109F20000000000000000000000000000000000031
:109F30000000000000000000000000000000000021
:109F40000000000000000000000000000000000011
:109F50000000000000000000000000000000000001
:109F600000000000000000000000000000000000F1
:109F700000000000001B00000000000000000000C6
:109F8000000E000E00000AC70004000000000032AE
:109F9000FFFFFF9C00000B2B0000000200000001EF
:109FA00000000064FFE50000000000000000000069
:109FB000000000000000000100000000000100009F
:109FC000000000000001800000018000000180000E
:109FD000002426D30000000000000000000600104E
:109FE0000096003C0000000000000000000000009F
:109FF000000000000C0A4E68CDCF77095016675953
:10A00000C619CE8200000000000000000000000021
:10A0100000000000000000000000000017D78400CE
:10A02000030000000000000000000000C7938F9DA7
:10A030001E1B1C19000000000000000000000000B2
:10A04000000000000000000000000000020318856E
:10A0500000004000000000030000000300000000BA
:10A0600000000000400000000000000000000000B0
:10A0700000000000000000000000000000000000E0
:10A0800000000000000000000000000000000000D0
:10A090000000000000000000677DDF7E72902E55FA
:10A0A0004CF6E68800000000000000000000000000
:10A0B00000000000D8DCB4B8B0D8B9ABF3F8FAB3FC
:10A0C000B7BB8E9EAEF132F51BF1B4B8B08097F1FC
:10A0D000A9DFDFDFAADFDFDFF2AAC5CDC7A90CC980
:10A0E0002C97F1A989264666B28999A92D557DB08C
:10A0F000B08AA896365676F1BAA3B4B280C0B8A892
:10A100009711B28398BAA3F0240844106418B2B926
:10A11000B49883F1A329557DBAB5B1A38393F00018
:10A120002850F5B2B6AA839328547CF1B9A3829340
:10A1300061BAA2DADEDFDB819AB9AEF5606870F150
:10A14000DABAA2DFD9BAA2FAB9A38292DB31BAA2F3
:10A15000D9BAA2F8DF85A4D0C1BBAD83C2C5C7B848
:10A16000A2DFDFDFBAA0DFDFDFD8D8F1B8AAB38D76
:10A17000B4980D355DB2B6BAAF8C96198F9FA70E05
:10A18000161EB49AB8AA872C547CBAA4B08AB69189
:10A19000325676B28494A4C808CDD8B8B4B0F19938
:10A1A00082A82D557D98A80E161EA22C547C92A430
:10A1B000F02C5078F184A898C4CDFCD80DDBA8FC15
:10A1C0002DF3D9BAA6F8DABAA6DED8BAB2B6869610
:10A1D000A6D0F3C841DAA6C8F8D8B0B4B882A8921D
:10A1E000F52C548898F135D9F418D8F1A2D0F8F9A3
:10A1F000A884D9C7DFF8F883C5DADF69DF83C1D85F
:10A20000F40114F1A8824EA884F311D182F5D992F9
:10A21000289788F109F41C1CD884A8F3C0F9D1D977
:10A220009782F129F40DD8F3F9F9D1D982F4C20358
:10A23000D8DEDF1AD8F1A2FAF9A88498D9C7DFF8D6
:10A24000F8F883C7DADF69DFF883C3D8F40114F1C3
:10A2500098A8822EA884F311D182F5D992509788BC
:10A26000F109F41CD884A8F3C0F8F9D1D99782F188
:10A2700049F40DD8F3F9F9D1D982F4C403D8DEDF5B
:10A28000D8F1AD8898CCA809F9D98292A8F57CF1CB
:10A29000883ACF944A6E98DB6931DAADF2DEF9D8AC
:10A2A0008795A8F221D1DAA5F9F417D9F1AE8ED0AD
:10A2B000C0C3AE82C684C3A88595C8A588F2C0F184
:10A2C000F4010EF18E9EA8C63E56F554F18872F444
:10A2D0000115F19845856EF58E9E0488F142985AD5
:10A2E0008E9E068869F4011CF1981E1108D0F504B1
:10A2F000F11E970202983625DBF9D985A5F3C1DA5C
:10A3000085A5F3DFD88595A8F309DAA5FAD8829256
:10A31000A8F578F1881A849F26889821DAF41DF32D
:10A32000D8879F39D1AFD9DFDFFBF9F40CF3D8FA26
:10A33000D0F8DAF9F9D0DFD9F9D8F40BD8F3879F40
:10A3400039D1AFD9DFDFF41DF3D8FAFCA869F9F9E8
:10A35000AFD0DADEFAD9F88F9FA8F1CCF398DB45BD
:10A36000D9AFDFD0F8D8F18F9FA8CAF38809DAAF48
:10A370008FCBF8D8F2AD978D0CD9A5DFF9BAA6F33B
:10A38000FAF412F2D8950DD1D9BAA6F3FADAA5F2F9
:10A39000C1BAA6F3DFD8F1BAB2B68696A6D0CAF390
:10A3A00049DAA6CBF8D8B0B4B8D8AD84F2C0DFF1A2
:10A3B0008FCBC3A8B2B68696C8C1CBC3F3B0B4885E
:10A3C00098A821DB718D9D71859521D9ADF2FAD8C0
:10A3D0008597A828D9F408D8F28D29DAF405D9F29E
:10A3E00085A4C2F2D8A88D9401D1D9F411F2D887EE
:10A3F00021D8F40AD8F28498A8C801D1D9F411D888
:10A40000F3A4C8BBAFD0F2DEF8F8F8F8F8F8F8F823
:10A41000D8F1B8F6B5B9B08A95A3DE3CA3D9F8D87F
:10A420005CA3D9F8D87CA3D9F8D8F8F9D1A5D9DF9D
:10A43000DAFAD8B18530F7D9DED8F830ADDADED81F
:10A44000F2B48C99A32D557DA083DFDFDFB591A0F9
:10A45000F629D9FBD8A0FC29D9FAD8A0D051D9F82F
:10A46000D8FC51D9F9D879D9FBD8A0D0FC79D9FA40
:10A47000D8A1F9F9F9F9F9A0DADFDFDFD8A1F8F806
:10A48000F8F8F8ACDEF8ADDE8393AC2C547CF1A880
:10A49000DFDFDFF69D2CDAA0DFD9FADB2DF8D8A8B4
:10A4A00050DAA0D0DED9D0F8F8F8DB55F8D8A87883
:10A4B000DAA0D0DFD9D0FAF8F8F8F8DB7DF8D89C2C
:10A4C000A88CF530DB38D9D0DEDFA0D0DEDFD8A80D
:10A4D00048DB58D9DFD0DEA0DFD0DED8A868DB703B
:10A4E000D9DFDFA0DFDFD8F1A888902C547C98A8B2
:10A4F000D05C38D1DAF2AE8CDFF9D8B087A8C1C110
:10A50000B188A8C6F9F9DA36D8A8F9DA36D8A8F9A0
:10A51000DA36D8A8F9DA36D8A8F9DA36D8F78D9D20
:10A52000ADF818DAF2AEDFD8F7ADFA30D9A4DEF91B
:10A53000D8F2AEDEFAF983A7D9C3C5C7F1889BA7C5
:10A540007AADF7DEDFA4F8849408A797F300AEF2A3
:10A550009819A488C6A39488F632DFF28393DB09A6
:10A56000D9F2AADFD8D8AEF8F9D1DAF3A4DEA7F190
:10A57000889B7AD8F38494AE19F9DAAAF1DFD8A8C7
:10A5800081C0C3C5C7A39283F628ADDED9F8D8A38E
:10A5900050ADD9F8D8A378ADD9F8D8F8F9D1A1DA67
:10A5A000DEC3C5C7D8A18194F818F2B089ACC3C581
:10A5B000C7F1D8B8B4B09786A8319B069907AB9776
:10A5C00028889BF00C201440B0B4B8F0A88A9A28D0
:10A5D0005078B79BA8295179247059446938644848
:10A5E00031F1BBAB88002C547CF0B38BB8A80428A5
:10A5F0005078F1B088B49726A85998BBABB38B02BA
:10A60000264666B0B8F08A9CA82951798B295179E1
:10A610008A2470598B2058718A4469388B39406874
:10A620008A6448318B30496088F1AC002C547CF04E
:10A630008CA804285078F1889726A85998AC8C02E9
:10A64000264666F0899CA8295179247059446938B6
:10A65000644831A98809205970AB11384069A8199C
:10A660003148608CA83C415C207C00F187981986B9
:10A67000A86E767EA999882D557DD8B1B5B9A3DF8E
:10A68000DFDFAED0DFAAD0DEF2ABF8F9D9B087C4F5
:10A69000AAF1DFDFBBAFDFDFB9D8B1F1A3978E60DE
:10A6A000DFB084F2C8F8F9D9DED89385F14AB183D6
:10A6B000A308B5839A0810B79F10D8F1B0BAAEB00E
:10A6C0008AC2B2B68E9EF1FBD9F41DD8F9D90CF12D
:10A6D000D8F8F8AD61D9AEFBD8F40CF1D8F8F8ADE4
:10A6E00019D9AEFBDFD8F416F1D8F8AD8D61D9F4E5
:10A6F000F4ACF59C9C8DDF2BBAB6AEFAF8F40BD80F
:10A70000F1AED0F8AD51DAAEFAF8F1D8B9B1B6A3DE
:10A71000839C08B9B1839AB5AAC0FD3083B79F1056
:10A72000B58B93F20202D1ABDADED8F1B080BAABCE
:10A73000C0C3B284C1C3D8B1B9F38BA391B609B475
:10A74000D9ABDEB0879CB9A3DDF1B38B8B8B8B8B40
:10A75000B087A3A3A3A3B28BB69BF2A3A3A3A3A387
:10A76000A3A3A3A3A3F1B087B59AA3F39BA3A3DCF0
:10A77000BAACDFB9A3A3A3A3A3A3A3A3A3A3A3A337
:10A78000A3A3A3A3D8D8D8BBB3B7F1AAF9DAFFD94A
:10A79000809AAA28B48098A720B79787A86688F0DF
:10A7A0007951F1902C870CA781976293F0717160B9
:10A7B00085940129517990A5F1284C6C870C951846
:10A7C0008578A38390284C6C886CD8F3A28200F221
:10A7D00010A8921980A2F2D926D8F188A84DD9489C
:10A7E000D896A83980D93CD89580A839A68698D91A
:10A7F0002CDA87A72CD8A8899519A980D938D8A888
:10A800008939A980DA3CD8A82EA83990D90CD8A8C3
:10A81000953198D90CD8A809D9FFD801DAFFD89575
:10A8200039A9DA26FFD890A80D8999A81080982117
:10A83000DA2ED88999A83180DA2ED8A88696318068
:10A84000DA2ED8A8873180DA2ED8A88292F34180F8
:10A85000F1D92ED8A882F31980F1D92ED882ACF381
:10A86000C0A28022F1A62EA72EA92298A829DAAC90
:10A87000DEFFD8A2F22AF1A92E8292A8F23180A698
:10A8800096F1D900AC8C9C0C30ACDED0DEFFD88CBD
:10A890009CACD010ACDE8092A2F24C82A8F1CAF23D
:10A8A00035F19688A6D900D8F1FF0102020304050C
:10A8B000060708090A0B0C0D0E0F1010000000000F
:10A8C0000000000001020304060708090000000060
:10A8D0000102030400000000555555555555C53F6C
:10A8E0007D6FEB0312D6D4BF5544880E55C1C93FC6
:10A8F0003B8F68B52882A4BF88B20175E0EF493F5D
:10A9000009F7FD0DE13D023F4B2D8A1C273A03C09C
:10A91000C88A599CE52A004059018D1B6C06E6BF88
:10A9200082922EB1C5B8B33F4FBB610567ACDD3F26
:10A93000182D4454FB21E93F9BF681D20B73EF3F66
:10A94000182D4454FB21F93FE2652F227F2B7A3CDE
:10A95000075C143326A6813CBDCBF07A8807703C97
:10A96000075C143326A6913CC4EB98999999C9BF0A
:10A97000711623FEC671BCBF6D9A74AFF2B0B3BF3F
:10A980009AFDDE522DDEADBF2F6C6A2C44B4A2BFFF
:10A990000D5555555555D53FFF8300922449C23F6B
:10A9A0006E204CC5CD45B73F513DD0A0660DB13F9F
:10A9B000EB0D76244B7BA93F11DA22E33AAD903FB1
:10A9C0000000000000000000E8A9000800000020CE
:10A9D000E800000030490008D0AA0008E800002084
:10A9E000200E0000404900080000000000000000A8
:10A9F0000000000000000000000000000000000057
:10AA00000000000000000000000000000000000046
:10AA10000000000000000000000000000000000036
:10AA20000000000000000000000000000000000026
:10AA30000000000000000000000000000000000016
:10AA40000000000000000000000000000000000006
:10AA500000000000000000000000000000000000F6
:10AA600000000000000000000000000000000000E6
:10AA70000000000000000000609C00087E9C0008B0
:10AA800000000000000000000000000000000000C6
:10AA900000000000000000000000000000000000B6
:10AAA0008C9C000801000000010000000100000073
:10AAB0000000000000000000000000000100000095
:10AAC000100000000000000000127A0000000000EA
:0400000508000131BD
:00000001FF
